"시점",세계,아시아,아프가니스탄,아르메니아,아제르바이잔,바레인,방글라데시,부탄,브루나이,캄보디아,중국,키프로스,조지아,홍콩,인도,인도네시아,이란,이라크,이스라엘,일본,요르단,카자흐스탄,북한,한국,쿠웨이트,키르기스스탄,라오스,레바논,마카오,말레이시아,몰디브,몽골,미얀마,네팔,오만,파키스탄,필리핀,카타르,사우디아라비아,싱가포르,스리랑카,시리아,타지키스탄,태국,동티모르,터키,투르크메니스탄,아랍에미리트,우즈베키스탄,베트남,예멘,북아메리카,버뮤다,캐나다,그린란드,멕시코,미국,남아메리카,앤티가바부다,아르헨티나,아루바,바하마,바베이도스,벨리즈,볼리비아,브라질,칠레,콜롬비아,코스타리카,쿠바,도미니카연방,도미니카공화국,에콰도르,엘살바도르,그레나다,과테말라,가이아나,아이티,온두라스,자메이카,니카라과,파나마,파라과이,페루,푸에르토리코,세인트키츠네비스,세인트루시아,세인트빈센트그레나딘,수리남,트리니다드토바고,미국령버진아일랜드,우루과이,베네수엘라,유럽,알바니아,안도라,오스트리아,벨라루스,벨기에,보스니아-헤르체고비나,불가리아,크로아티아,체코,덴마크,에스토니아,유로지역,페로제도,핀란드,프랑스,독일,그리스,헝가리,아이슬란드,아일랜드,맨섬,이탈리아,라트비아,리히텐슈타인,리투아니아,룩셈부르크,몰타,몰도바,몬테네그로,네덜란드,북마케도니아,노르웨이,폴란드,포르투갈,루마니아,러시아,산마리노,세르비아,슬로바키아,슬로베니아,스페인,스웨덴,스위스,우크라이나,영국,아프리카,알제리,앙골라,베냉,보츠와나,부르키나파소,부룬디,카메룬,카보베르데,중앙아프리카공화국,차드,코모로,콩고,콩고민주공화국,코트디부아르,지부티,이집트,적도기니,에리트레아,에스와티니,에티오피아,가봉,감비아,가나,기니,기니비사우,케냐,레소토,라이베리아,리비아,마다가스카르,말라위,말리,모리타니,모리셔스,모로코,모잠비크,나미비아,니제르,나이지리아,르완다,상투메프린시페,세네갈,세이셸,시에라리온,소말리아,남아프리카공화국,남수단,수단,탄자니아,토고,튀니지,우간다,잠비아,짐바브웨,오세아니아,오스트레일리아,피지,프랑스령폴리네시아,괌,키리바시,마셜제도,미크로네시아,뉴칼레도니아,뉴질랜드,팔라우,파푸아뉴기니,사모아,솔로몬제도,통가,바누아투
"1960",4.979,,7.450,4.786,5.878,7.087,6.725,6.635,6.836,6.967,5.756,3.500,2.942,5.014,5.906,5.666,6.927,6.252,3.866,2.001,7.687,4.562,4.579,6.095,7.244,5.469,5.961,5.739,4.772,6.450,7.021,6.953,6.051,5.959,7.247,6.600,7.148,6.971,7.216,5.760,5.541,7.467,6.547,6.147,6.319,6.366,6.590,6.929,6.255,6.348,7.938,,-,3.811,-,6.769,3.654,,4.425,3.109,4.820,4.495,4.333,6.500,6.358,6.061,4.697,6.735,6.712,4.192,-,7.555,6.721,6.674,6.743,6.896,6.372,6.324,7.458,5.419,7.365,5.870,6.500,6.941,4.657,-,6.967,7.224,6.608,5.264,5.615,2.880,6.358,,6.489,-,2.690,2.670,2.540,3.801,2.310,2.288,2.090,2.570,1.980,2.607,-,2.720,2.850,2.370,2.230,2.020,4.290,3.780,-,2.400,1.940,-,2.560,2.290,3.620,3.328,3.603,3.120,3.842,2.850,2.980,3.160,2.340,2.520,-,-,3.040,2.341,2.860,2.170,2.440,2.240,2.690,,7.524,6.708,6.282,6.615,6.291,6.944,5.647,6.885,5.840,6.250,6.792,5.880,6.001,7.691,6.461,6.716,5.653,6.899,6.752,6.880,4.384,6.246,6.749,6.112,5.921,7.946,5.839,6.406,7.202,7.300,6.940,6.967,6.775,6.167,7.040,6.436,6.149,7.454,6.354,8.187,6.242,6.996,-,6.127,7.250,6.041,6.721,6.691,6.806,6.521,6.942,6.999,7.115,7.158,,3.453,6.461,5.658,6.052,6.788,-,6.934,6.278,4.030,-,6.275,7.651,6.388,7.363,7.197
"1961",5.004,,7.450,4.670,5.937,7.129,6.761,6.622,6.771,6.964,5.905,3.471,2.943,5.030,5.902,5.656,6.924,6.364,3.858,2.050,7.802,4.512,4.357,5.929,7.273,5.516,5.964,5.724,4.646,6.420,7.075,7.168,6.073,5.960,7.248,6.600,7.087,6.973,7.230,5.410,5.421,7.497,6.661,6.151,6.273,6.304,6.689,6.910,6.360,6.392,7.962,,-,3.753,-,6.768,3.620,,4.386,3.100,4.655,4.495,4.313,6.480,6.335,6.031,4.655,6.712,6.651,4.365,-,7.487,6.700,6.679,6.627,6.859,6.305,6.318,7.448,5.529,7.310,5.846,6.489,6.923,4.547,-,6.931,7.155,6.594,5.177,5.651,2.886,6.298,,6.401,-,2.780,2.590,2.630,3.740,2.290,2.253,2.110,2.550,1.980,2.637,-,2.720,2.870,2.450,2.130,1.940,3.880,3.780,2.707,2.440,1.940,-,2.530,-,3.270,3.259,3.522,3.220,3.758,2.940,2.830,3.210,2.170,2.450,-,2.500,2.960,2.333,2.770,2.210,2.520,2.170,2.780,,7.573,6.790,6.339,6.632,6.316,6.985,5.705,6.922,5.867,6.268,6.849,5.922,6.015,7.720,6.493,6.696,5.661,6.868,6.774,6.877,4.462,6.228,6.789,6.126,5.931,7.998,5.829,6.429,7.243,7.301,6.964,6.979,6.787,6.178,7.072,6.481,6.167,7.473,6.351,8.194,6.263,7.038,-,6.171,7.252,6.028,6.733,6.713,6.806,6.570,6.970,7.019,7.169,7.215,,3.540,6.281,5.577,6.048,6.803,-,6.917,6.144,3.975,-,6.278,7.645,6.385,7.346,7.120
"1962",5.025,,7.450,4.521,5.961,7.163,6.794,6.611,6.683,6.955,6.062,3.421,2.937,4.980,5.894,5.645,6.914,6.514,3.850,2.010,7.904,4.432,4.173,5.738,7.309,5.532,5.966,5.694,4.462,6.353,7.118,7.347,6.096,5.962,7.251,6.600,7.020,6.977,7.243,5.210,5.299,7.522,6.760,6.155,6.218,6.237,6.756,6.892,6.441,6.425,7.991,,-,3.681,-,6.770,3.461,,4.344,3.090,4.471,4.450,4.269,6.460,6.309,5.981,4.602,6.663,6.543,4.502,-,7.404,6.676,6.670,6.442,6.824,6.226,6.302,7.443,5.627,7.250,5.812,6.472,6.895,4.411,-,6.880,7.074,6.558,5.047,5.679,2.884,6.231,,6.282,-,2.800,2.500,2.590,3.676,2.240,2.218,2.120,2.550,1.950,2.642,-,2.680,2.890,2.440,2.160,1.790,3.980,3.920,-,2.460,1.910,-,2.450,2.370,3.240,3.178,3.436,3.180,3.691,2.910,2.720,3.230,2.040,2.360,-,-,2.830,2.327,2.800,2.250,2.580,2.140,2.860,,7.614,6.872,6.394,6.649,6.344,7.028,5.766,6.953,5.891,6.285,6.897,5.966,6.030,7.750,6.527,6.673,5.673,6.837,6.794,6.875,4.541,6.213,6.827,6.140,5.941,8.042,5.820,6.453,7.310,7.303,6.991,6.994,6.794,6.124,7.088,6.528,6.184,7.490,6.346,8.197,6.284,7.079,-,6.216,7.255,6.010,6.747,6.737,6.804,6.622,6.993,7.040,7.214,7.267,,3.442,6.085,5.500,5.984,6.784,-,6.905,6.010,4.107,-,6.278,7.630,6.383,7.302,7.033
"1963",5.046,,7.450,4.345,5.945,7.185,6.825,6.603,6.572,6.937,6.206,3.346,2.924,4.857,5.880,5.634,6.896,6.689,3.838,2.020,7.983,4.323,4.057,5.533,7.347,5.517,5.969,5.647,4.221,6.246,7.152,7.477,6.116,5.964,7.256,6.600,6.947,6.982,7.252,5.160,5.180,7.541,6.844,6.157,6.155,6.165,6.788,6.875,6.494,6.448,8.026,,-,3.607,-,6.775,3.319,,4.299,3.079,4.271,4.357,4.196,6.440,6.279,5.910,4.536,6.584,6.389,4.584,-,7.303,6.646,6.645,6.196,6.794,6.140,6.274,7.441,5.711,7.188,5.765,6.447,6.858,4.252,-,6.821,6.981,6.497,4.873,5.696,2.874,6.155,,6.133,-,2.820,2.400,2.680,3.601,2.210,2.180,2.310,2.670,1.890,2.682,-,2.680,2.890,2.510,2.140,1.820,3.990,4.010,-,2.510,1.850,-,2.350,-,2.900,3.086,3.344,3.190,3.638,2.930,2.700,3.120,2.010,2.270,-,-,2.920,2.320,2.880,2.330,2.650,2.060,2.880,,7.646,6.954,6.447,6.666,6.377,7.072,5.828,6.976,5.910,6.301,6.939,6.011,6.048,7.781,6.561,6.646,5.690,6.806,6.812,6.872,4.619,6.202,6.862,6.153,5.951,8.078,5.812,6.476,7.402,7.305,7.023,7.011,6.798,5.993,7.086,6.574,6.199,7.505,6.341,8.198,6.306,7.120,-,6.260,7.258,5.986,6.763,6.762,6.803,6.677,7.009,7.060,7.249,7.311,,3.332,5.881,5.430,5.857,6.728,-,6.897,5.900,3.989,-,6.275,7.604,6.385,7.226,6.938
"1964",5.056,,7.450,4.150,5.888,7.188,6.853,6.597,6.440,6.909,6.320,3.249,2.906,4.665,5.859,5.623,6.868,6.872,3.826,2.050,8.034,4.191,4.022,5.325,7.383,5.475,5.971,5.583,3.934,6.100,7.179,7.558,6.130,5.965,7.263,6.600,6.867,6.986,7.257,4.970,5.067,7.555,6.911,6.151,6.084,6.089,6.787,6.857,6.518,6.464,8.067,,-,3.456,-,6.780,3.190,,4.250,3.068,4.059,4.221,4.094,6.420,6.245,5.818,4.457,6.475,6.193,4.600,-,7.186,6.610,6.606,5.906,6.767,6.050,6.233,7.443,5.775,7.128,5.707,6.410,6.810,4.075,-,6.758,6.876,6.412,4.664,5.698,2.858,6.071,,5.960,-,2.790,2.310,2.710,3.515,2.190,2.140,2.340,2.600,1.940,2.735,-,2.590,2.870,2.540,2.240,1.820,3.880,4.070,-,2.660,1.790,-,2.280,2.340,2.790,2.989,3.246,3.170,3.595,2.980,2.570,3.210,1.960,2.180,-,-,2.890,2.312,3.010,2.470,2.660,1.960,2.930,,7.665,7.036,6.497,6.681,6.414,7.114,5.890,6.989,5.925,6.318,6.975,6.055,6.067,7.811,6.595,6.615,5.711,6.778,6.826,6.867,4.694,6.195,6.893,6.166,5.961,8.103,5.806,6.500,7.517,7.307,7.058,7.030,6.799,5.785,7.065,6.617,6.216,7.518,6.336,8.198,6.327,7.157,-,6.300,7.261,5.956,6.781,6.787,6.801,6.734,7.015,7.078,7.274,7.347,,3.146,5.676,5.368,5.670,6.634,-,6.893,5.700,3.733,-,6.268,7.567,6.394,7.117,6.836
"1965",5.041,,7.450,3.950,5.792,7.162,6.878,6.595,6.297,6.868,6.385,3.133,2.882,4.422,5.830,5.612,6.827,7.044,3.814,2.139,8.057,4.048,4.063,5.125,7.409,5.417,5.973,5.501,3.615,5.923,7.201,7.593,6.136,5.966,7.271,6.600,6.781,6.988,7.260,4.660,4.959,7.564,6.962,6.129,6.008,6.011,6.756,6.838,6.516,6.475,8.114,,-,3.115,-,6.783,2.913,,4.193,3.059,3.842,4.060,3.963,6.400,6.208,5.703,4.364,6.333,5.960,4.552,-,7.053,6.564,6.552,5.597,6.744,5.957,6.179,7.442,5.815,7.073,5.638,6.356,6.750,3.888,-,6.688,6.760,6.304,4.433,5.679,2.841,5.977,,5.773,-,2.700,2.270,2.610,3.417,2.090,2.100,2.180,2.610,1.880,2.681,-,2.480,2.840,2.500,2.250,1.820,3.730,4.040,-,2.600,1.740,-,2.230,2.420,2.520,2.891,3.145,3.040,3.552,2.940,2.520,3.150,1.910,2.130,-,-,2.780,2.301,2.940,2.390,2.590,1.990,2.860,,7.675,7.116,6.544,6.692,6.454,7.152,5.949,6.993,5.937,6.337,7.004,6.098,6.089,7.841,6.629,6.577,5.734,6.752,6.837,6.864,4.766,6.192,6.918,6.178,5.971,8.119,5.802,6.524,7.647,7.308,7.096,7.050,6.799,5.510,7.026,6.653,6.236,7.529,6.335,8.198,6.349,7.190,-,6.337,7.261,5.920,6.800,6.810,6.798,6.792,7.008,7.094,7.291,7.373,,2.977,5.475,5.314,5.439,6.501,-,6.894,5.600,3.540,-,6.258,7.519,6.419,6.973,6.730
"1966",4.992,,7.450,3.758,5.663,7.099,6.901,6.595,6.156,6.813,6.384,3.010,2.854,4.152,5.794,5.599,6.770,7.188,3.802,1.580,8.053,3.912,4.157,4.941,7.417,5.354,5.974,5.403,3.283,5.728,7.218,7.599,6.130,5.963,7.277,6.600,6.689,6.988,7.262,4.460,4.849,7.569,6.999,6.084,5.932,5.933,6.703,6.817,6.495,6.485,8.166,,-,2.749,-,6.779,2.721,,4.125,3.053,3.625,3.897,3.807,6.379,6.168,5.570,4.259,6.159,5.697,4.455,-,6.903,6.507,6.488,5.300,6.724,5.860,6.109,7.435,5.821,7.025,5.559,6.276,6.680,3.703,-,6.607,6.632,6.182,4.200,5.634,2.830,5.870,,5.581,-,2.660,2.290,2.520,3.313,2.030,2.062,2.020,2.620,1.870,2.663,-,2.410,2.800,2.530,2.320,1.890,3.590,3.940,-,2.580,1.760,-,2.220,2.340,2.330,2.801,3.046,2.900,3.502,2.900,2.340,3.160,1.900,2.100,-,-,2.660,2.287,2.910,2.370,2.500,2.020,2.780,,7.676,7.194,6.588,6.698,6.493,7.183,6.004,6.990,5.946,6.362,7.027,6.138,6.111,7.868,6.665,6.529,5.756,6.728,6.846,6.867,4.834,6.190,6.937,6.190,5.982,8.126,5.801,6.552,7.781,7.307,7.137,7.070,6.798,5.187,6.969,6.681,6.265,7.537,6.342,8.198,6.371,7.217,-,6.370,7.257,5.878,6.819,6.831,6.795,6.851,6.984,7.106,7.304,7.391,,2.881,5.278,5.267,5.187,6.329,-,6.900,5.385,3.410,-,6.244,7.462,6.470,6.795,6.626
"1967",4.973,,7.450,3.582,5.512,6.997,6.920,6.596,6.026,6.745,6.316,2.889,2.821,3.887,5.751,5.582,6.699,7.295,3.790,2.020,8.033,3.795,4.257,4.772,7.402,5.295,5.973,5.295,2.958,5.529,7.231,7.591,6.111,5.958,7.282,6.600,6.589,6.983,7.264,3.910,4.734,7.572,7.024,6.009,5.858,5.855,6.635,6.791,6.461,6.493,8.222,,-,2.528,-,6.764,2.558,,4.042,3.050,3.417,3.754,3.637,6.358,6.127,5.424,4.144,5.957,5.416,4.333,-,6.738,6.436,6.415,5.040,6.705,5.756,6.026,7.417,5.790,6.982,5.472,6.170,6.600,3.530,-,6.508,6.494,6.053,3.985,5.561,2.831,5.748,,5.394,-,2.620,2.260,2.410,3.208,2.020,2.030,1.910,2.350,1.900,2.620,-,2.320,2.750,2.480,2.450,2.010,3.280,3.840,-,2.500,1.800,-,2.230,2.240,2.240,2.722,2.953,2.810,3.439,2.810,2.330,3.160,3.660,2.040,-,-,2.480,2.272,2.940,2.280,2.390,2.010,2.680,,7.672,7.267,6.630,6.697,6.530,7.208,6.058,6.982,5.952,6.393,7.044,6.176,6.135,7.893,6.702,6.469,5.776,6.706,6.854,6.880,4.899,6.188,6.950,6.202,5.994,8.125,5.803,6.583,7.905,7.304,7.179,7.089,6.798,4.847,6.900,6.702,6.305,7.544,6.359,8.201,6.394,7.237,-,6.402,7.248,5.832,6.838,6.850,6.791,6.911,6.942,7.113,7.317,7.403,,2.848,5.083,5.222,4.939,6.125,-,6.911,5.170,3.354,-,6.227,7.400,6.549,6.590,6.526
"1968",4.922,,7.450,3.429,5.351,6.860,6.935,6.598,5.912,6.666,6.184,2.779,2.785,3.649,5.702,5.556,6.617,7.362,3.786,2.130,8.004,3.705,4.327,4.617,7.358,5.245,5.973,5.181,2.657,5.340,7.237,7.584,6.077,5.948,7.286,6.600,6.485,6.970,7.267,3.530,4.609,7.574,7.035,5.903,5.788,5.778,6.560,6.757,6.421,6.494,8.278,,-,2.386,-,6.734,2.464,,3.942,3.053,3.226,3.646,3.460,6.337,6.086,5.272,4.025,5.737,5.130,4.205,-,6.561,6.351,6.337,4.835,6.685,5.642,5.937,7.383,5.722,6.941,5.378,6.041,6.513,3.377,-,6.387,6.345,5.922,3.802,5.459,2.844,5.614,,5.218,-,2.580,2.220,2.310,3.109,2.270,2.006,1.840,2.120,2.030,2.551,-,2.140,2.690,2.380,2.420,2.060,3.060,3.770,-,2.460,1.830,-,2.240,2.120,2.120,2.660,2.871,2.720,3.360,2.750,2.240,3.120,3.630,1.990,-,-,2.390,2.258,2.870,2.070,2.290,1.998,2.600,,7.666,7.332,6.671,6.687,6.563,7.227,6.108,6.970,5.956,6.432,7.055,6.211,6.161,7.912,6.739,6.399,5.791,6.686,6.861,6.903,4.961,6.186,6.957,6.214,6.008,8.117,5.805,6.617,8.010,7.297,7.221,7.106,6.795,4.516,6.821,6.715,6.354,7.551,6.387,8.207,6.419,7.251,-,6.434,7.232,5.782,6.855,6.865,6.785,6.971,6.881,7.117,7.332,7.411,,2.888,4.892,5.174,4.716,5.902,-,6.924,4.880,3.332,-,6.208,7.334,6.655,6.371,6.433
"1969",4.856,,7.450,3.302,5.185,6.692,6.945,6.599,5.812,6.574,5.986,2.686,2.747,3.448,5.648,5.521,6.528,7.383,3.782,2.130,7.968,3.646,4.352,4.474,7.281,5.207,5.972,5.064,2.392,5.167,7.237,7.578,6.029,5.934,7.293,6.600,6.376,6.947,7.273,3.220,4.477,7.574,7.031,5.764,5.722,5.700,6.482,6.713,6.377,6.487,8.334,,-,2.334,-,6.684,2.456,,3.823,3.062,3.054,3.576,3.284,6.316,6.045,5.120,3.902,5.506,4.852,4.074,-,6.375,6.252,6.255,4.690,6.664,5.517,5.846,7.334,5.617,6.902,5.279,5.894,6.418,3.248,-,6.249,6.185,5.790,3.658,5.328,2.869,5.469,,5.057,-,2.490,2.260,2.270,3.016,2.270,1.989,1.870,2.000,2.130,2.489,-,1.930,2.620,2.210,2.360,2.040,2.990,3.830,-,2.470,1.880,-,2.300,2.020,2.020,2.613,2.800,2.750,3.265,2.700,2.200,3.120,3.190,1.970,-,-,2.430,2.243,2.860,1.930,2.190,2.040,2.510,,7.656,7.388,6.710,6.670,6.593,7.239,6.157,6.954,5.958,6.477,7.060,6.241,6.187,7.927,6.774,6.319,5.802,6.667,6.867,6.937,5.021,6.184,6.957,6.228,6.024,8.103,5.807,6.655,8.087,7.286,7.262,7.121,6.791,4.213,6.736,6.719,6.411,7.558,6.425,8.217,6.444,7.259,-,6.465,7.209,5.728,6.869,6.878,6.778,7.029,6.802,7.118,7.349,7.415,,2.886,4.710,5.120,4.526,5.673,-,6.935,4.590,3.269,-,6.187,7.265,6.781,6.150,6.348
"1970",4.779,,7.450,3.199,5.018,6.501,6.947,6.601,5.719,6.465,5.725,2.610,2.707,3.284,5.587,5.474,6.440,7.362,3.778,2.135,7.926,3.611,4.315,4.530,7.169,5.177,5.974,4.948,2.167,5.014,7.227,7.569,5.964,5.918,7.311,6.601,6.264,6.910,7.280,3.070,4.342,7.572,7.003,5.595,5.655,5.619,6.404,6.655,6.326,6.465,8.386,,-,2.258,-,6.611,2.480,,3.683,3.079,2.908,3.536,3.113,6.299,6.004,4.972,3.778,5.276,4.595,3.935,-,6.182,6.138,6.172,4.604,6.642,5.380,5.762,7.270,5.477,6.862,5.173,5.739,6.316,3.146,-,6.101,6.014,5.653,3.554,5.167,2.902,5.321,,4.910,-,2.290,2.310,2.250,2.929,2.170,1.979,1.920,1.950,2.170,2.393,3.400,1.830,2.550,2.030,2.400,1.980,2.810,3.850,-,2.380,1.960,-,2.400,1.970,2.030,2.582,2.737,2.570,3.158,2.500,2.200,3.010,2.890,1.990,-,-,2.410,2.231,2.840,1.920,2.100,2.090,2.440,,7.643,7.434,6.748,6.645,6.623,7.249,6.203,6.935,5.958,6.528,7.061,6.267,6.215,7.936,6.804,6.233,5.808,6.650,6.871,6.978,5.081,6.185,6.950,6.243,6.041,8.081,5.808,6.695,8.132,7.270,7.303,7.133,6.784,3.952,6.646,6.716,6.469,7.567,6.471,8.231,6.468,7.262,-,6.496,7.182,5.669,6.881,6.888,6.771,7.084,6.705,7.115,7.367,7.419,,2.859,4.543,5.057,4.372,5.457,-,6.938,4.300,3.158,-,6.163,7.194,6.914,5.941,6.272
"1971",4.669,,7.450,3.114,4.850,6.297,6.942,6.604,5.619,6.332,5.403,2.547,2.665,3.459,5.519,5.413,6.359,7.308,3.774,2.160,7.876,3.590,4.210,4.540,7.018,5.147,5.979,4.836,1.979,4.880,7.201,7.546,5.884,5.901,7.350,6.602,6.152,6.855,7.289,3.020,4.208,7.566,6.943,5.397,5.580,5.529,6.323,6.579,6.263,6.421,8.432,,-,2.141,-,6.510,2.266,,3.516,3.109,2.788,3.508,2.949,6.288,5.964,4.836,3.654,5.057,4.369,3.774,-,5.984,6.011,6.087,4.561,6.620,5.226,5.692,7.195,5.305,6.819,5.060,5.591,6.207,3.068,-,5.953,5.828,5.504,3.484,4.976,2.938,5.174,,4.775,-,2.200,2.310,2.210,2.844,2.100,1.973,2.000,2.040,2.190,2.345,3.200,1.680,2.470,1.920,2.320,1.930,2.920,3.930,-,2.400,2.000,-,2.410,1.950,2.060,2.560,2.680,2.360,3.044,2.490,2.250,3.000,2.670,2.030,-,2.300,2.430,2.220,2.900,1.960,2.040,2.120,2.410,,7.624,7.467,6.786,6.615,6.657,7.258,6.246,6.913,5.956,6.582,7.060,6.289,6.244,7.941,6.823,6.144,5.808,6.636,6.871,7.020,5.143,6.193,6.936,6.262,6.060,8.051,5.808,6.736,8.147,7.248,7.345,7.141,6.774,3.741,6.552,6.706,6.521,7.580,6.522,8.252,6.490,7.261,-,6.524,7.151,5.601,6.892,6.899,6.765,7.136,6.591,7.111,7.383,7.425,,2.961,4.397,4.980,4.248,5.273,-,6.925,4.200,3.194,-,6.137,7.119,7.040,5.761,6.202
"1972",4.540,,7.450,3.035,4.681,6.094,6.928,6.608,5.500,6.175,5.035,2.491,2.622,3.315,5.444,5.338,6.292,7.234,3.770,2.140,7.818,3.569,4.050,4.120,6.835,5.105,5.990,4.730,1.818,4.757,7.159,7.497,5.791,5.884,7.414,6.605,6.041,6.781,7.299,3.040,4.083,7.556,6.845,5.181,5.492,5.429,6.237,6.484,6.185,6.350,8.471,,-,1.980,-,6.382,2.010,,3.327,3.149,2.691,3.472,2.794,6.284,5.923,4.712,3.530,4.857,4.177,3.580,5.500,5.784,5.873,6.000,4.537,6.599,5.057,5.642,7.111,5.108,6.769,4.939,5.458,6.091,3.006,3.500,5.813,5.629,5.336,3.432,4.760,2.969,5.035,,4.642,-,2.080,2.280,2.090,2.759,2.030,1.967,2.090,2.030,2.130,2.236,3.300,1.580,2.380,1.710,2.320,1.930,3.090,3.840,-,2.350,2.000,-,2.340,1.750,2.010,2.542,2.624,2.150,2.932,2.380,2.240,2.860,2.550,2.040,-,-,2.490,2.213,2.870,1.910,1.910,2.080,2.200,,7.597,7.488,6.823,6.582,6.697,7.271,6.287,6.887,5.951,6.636,7.058,6.306,6.275,7.942,6.830,6.056,5.805,6.624,6.866,7.060,5.208,6.211,6.915,6.283,6.078,8.012,5.804,6.777,8.135,7.221,7.389,7.147,6.758,3.575,6.455,6.690,6.561,7.596,6.575,8.278,6.510,7.258,-,6.550,7.118,5.525,6.903,6.910,6.761,7.182,6.465,7.107,7.392,7.434,,2.744,4.275,4.889,4.137,5.130,-,6.894,4.100,3.000,-,6.108,7.039,7.145,5.616,6.134
"1973",4.410,,7.450,2.956,4.510,5.899,6.904,6.613,5.355,6.004,4.643,2.440,2.577,3.177,5.363,5.251,6.243,7.153,3.698,2.140,7.750,3.536,3.852,4.070,6.627,5.047,6.006,4.629,1.679,4.640,7.103,7.413,5.688,5.868,7.504,6.608,5.931,6.690,7.307,2.790,3.970,7.537,6.714,4.953,5.392,5.316,6.143,6.372,6.088,6.251,8.504,,-,1.890,-,6.230,1.879,,3.121,3.198,2.613,3.413,2.648,6.285,5.880,4.600,3.409,4.680,4.019,3.351,-,5.584,5.727,5.910,4.512,6.578,4.877,5.615,7.025,4.899,6.713,4.810,5.351,5.968,2.955,-,5.686,5.417,5.148,3.389,4.527,2.989,4.906,,4.509,-,1.940,2.250,1.950,2.671,2.150,1.960,2.310,1.920,2.060,2.132,3.200,1.490,2.280,1.540,2.270,1.930,2.940,3.710,-,2.300,1.980,-,2.220,1.580,1.650,2.523,2.567,1.900,2.828,2.230,2.260,2.770,2.440,2.010,-,-,2.560,2.207,2.840,1.870,1.810,2.040,2.040,,7.558,7.498,6.860,6.547,6.744,7.288,6.328,6.855,5.944,6.688,7.055,6.319,6.308,7.939,6.823,5.974,5.800,6.615,6.854,7.094,5.275,6.237,6.888,6.308,6.098,7.963,5.796,6.815,8.102,7.188,7.432,7.151,6.738,3.444,6.356,6.670,6.585,7.616,6.625,8.307,6.525,7.255,-,6.573,7.086,5.441,6.912,6.921,6.758,7.222,6.330,7.103,7.393,7.441,,2.491,4.178,4.785,4.028,5.034,-,6.842,3.900,2.696,-,6.077,6.952,7.216,5.512,6.067
"1974",4.289,,7.450,2.875,4.341,5.721,6.869,6.618,5.183,5.831,4.244,2.393,2.533,2.967,5.278,5.152,6.214,7.072,3.626,2.050,7.675,3.488,3.630,3.770,6.403,4.970,6.029,4.534,1.562,4.528,7.040,7.294,5.576,5.853,7.617,6.611,5.824,6.581,7.312,2.350,3.870,7.510,6.553,4.721,5.287,5.191,6.040,6.245,5.973,6.125,8.531,,-,1.837,-,6.057,1.835,,2.909,3.251,2.552,3.330,2.513,6.287,5.835,4.502,3.293,4.527,3.895,3.094,-,5.388,5.577,5.816,4.479,6.558,4.689,5.614,6.935,4.685,6.647,4.675,5.272,5.841,2.908,-,5.571,5.197,4.945,3.349,4.286,2.995,4.791,,4.373,-,1.910,2.210,1.830,2.580,2.290,1.950,2.460,1.900,2.070,2.100,3.100,1.610,2.180,1.510,2.380,2.270,2.660,3.590,-,2.280,1.970,-,2.210,1.580,1.640,2.503,2.507,1.770,2.738,2.130,2.260,2.700,2.710,2.000,-,-,2.610,2.202,2.880,1.870,1.730,2.040,1.920,,7.505,7.500,6.896,6.510,6.799,7.310,6.367,6.818,5.935,6.736,7.052,6.324,6.341,7.929,6.803,5.899,5.795,6.609,6.837,7.121,5.343,6.271,6.855,6.336,6.120,7.905,5.783,6.849,8.048,7.149,7.476,7.153,6.712,3.341,6.255,6.647,6.589,7.640,6.669,8.339,6.534,7.252,-,6.594,7.057,5.353,6.920,6.930,6.755,7.254,6.189,7.100,7.382,7.442,,2.397,4.106,4.670,3.917,4.985,-,6.770,3.800,2.570,-,6.041,6.859,7.248,5.449,5.999
"1975",4.157,,7.450,2.792,4.176,5.560,6.821,6.620,4.990,5.681,3.859,2.352,2.489,2.666,5.192,5.043,6.212,6.993,3.554,1.909,7.598,3.427,3.404,3.430,6.176,4.876,6.059,4.443,1.478,4.425,6.981,7.144,5.460,5.838,7.747,6.612,5.718,6.460,7.313,2.070,3.783,7.472,6.376,4.488,5.190,5.058,5.926,6.111,5.842,5.973,8.554,,-,1.824,2.345,5.866,1.774,,2.702,3.301,2.506,3.233,2.393,6.278,5.786,4.415,3.182,4.398,3.804,2.824,-,5.198,5.426,5.717,4.436,6.535,4.503,5.641,6.844,4.478,6.574,4.537,5.223,5.709,2.864,-,5.462,4.973,4.734,3.313,4.047,2.983,4.686,,4.235,-,1.830,2.170,1.740,2.489,2.230,1.937,2.430,1.920,2.040,2.024,2.900,1.680,2.090,1.450,2.330,2.350,2.650,3.370,-,2.170,1.960,-,2.180,1.550,2.270,2.483,2.447,1.660,2.663,1.980,2.270,2.750,2.590,1.980,-,-,2.550,2.195,2.770,1.770,1.610,2.020,1.810,,7.434,7.494,6.929,6.472,6.859,7.334,6.406,6.771,5.925,6.780,7.052,6.318,6.376,7.910,6.770,5.833,5.791,6.608,6.817,7.143,5.412,6.308,6.815,6.367,6.150,7.840,5.764,6.880,7.970,7.102,7.517,7.154,6.679,3.255,6.156,6.622,6.576,7.668,6.706,8.370,6.534,7.252,-,6.611,7.033,5.265,6.924,6.936,6.751,7.276,6.042,7.099,7.359,7.427,,2.148,4.054,4.548,3.801,4.978,-,6.682,3.700,2.331,-,6.000,6.761,7.236,5.426,5.929
"1976",4.040,,7.450,2.712,4.018,5.417,6.758,6.616,4.784,5.585,3.508,2.323,2.448,2.480,5.108,4.927,6.238,6.915,3.482,1.850,7.523,3.355,3.197,3.000,5.962,4.770,6.096,4.353,1.437,4.331,6.944,6.969,5.344,5.822,7.885,6.608,5.613,6.332,7.309,2.110,3.705,7.422,6.197,4.257,5.119,4.921,5.796,5.973,5.699,5.800,8.578,,-,1.796,2.255,5.661,1.738,,2.516,3.339,2.472,3.137,2.288,6.250,5.732,4.339,3.078,4.285,3.740,2.562,-,5.017,5.276,5.609,4.385,6.510,4.327,5.698,6.749,4.286,6.495,4.398,5.198,5.575,2.818,-,5.347,4.752,4.526,3.287,3.818,2.953,4.589,,4.099,-,1.690,2.120,1.730,2.401,2.240,1.925,2.390,1.750,2.070,1.983,2.700,1.700,2.010,1.450,2.350,2.230,2.520,3.290,-,2.040,1.930,-,2.180,1.480,2.210,2.465,2.391,1.630,2.606,1.860,2.300,2.820,2.540,1.970,-,-,2.550,2.183,2.770,1.680,1.550,1.990,1.740,,7.344,7.485,6.959,6.433,6.922,7.357,6.448,6.714,5.916,6.820,7.055,6.299,6.410,7.877,6.729,5.778,5.791,6.613,6.798,7.167,5.480,6.342,6.771,6.400,6.192,7.769,5.739,6.907,7.866,7.044,7.556,7.154,6.640,3.169,6.060,6.595,6.549,7.701,6.735,8.401,6.524,7.258,4.500,6.628,7.016,5.185,6.922,6.933,6.743,7.287,5.890,7.099,7.323,7.385,,2.060,4.018,4.423,3.681,4.999,-,6.586,3.600,2.273,-,5.954,6.656,7.182,5.438,5.858
"1977",3.937,,7.449,2.641,3.869,5.285,6.681,6.605,4.580,5.557,3.200,2.310,2.409,2.376,5.029,4.806,6.289,6.834,3.410,1.800,7.455,3.283,3.025,2.990,5.769,4.660,6.139,4.262,1.445,4.249,6.936,6.780,5.230,5.804,8.018,6.599,5.506,6.201,7.299,1.820,3.633,7.359,6.029,4.030,5.085,4.785,5.651,5.840,5.550,5.614,8.605,,-,1.782,2.349,5.448,1.790,,2.361,3.359,2.446,3.058,2.198,6.195,5.673,4.267,2.981,4.179,3.692,2.328,-,4.844,5.130,5.493,4.337,6.480,4.169,5.778,6.649,4.115,6.411,4.260,5.189,5.440,2.769,-,5.216,4.540,4.332,3.273,3.607,2.907,4.494,,3.966,-,1.630,2.080,1.710,2.318,2.210,1.913,2.340,1.660,2.060,1.908,2.700,1.680,1.940,1.400,2.270,2.150,2.310,3.240,-,1.930,1.890,-,2.140,1.500,2.140,2.455,2.341,1.580,2.562,1.750,2.230,2.690,2.570,1.950,-,-,2.490,2.166,2.650,1.640,1.530,1.940,1.690,,7.234,7.475,6.984,6.392,6.984,7.376,6.492,6.645,5.908,6.857,7.061,6.263,6.444,7.828,6.685,5.731,5.795,6.622,6.783,7.195,5.543,6.369,6.721,6.434,6.249,7.695,5.708,6.930,7.736,6.976,7.590,7.153,6.596,3.071,5.968,6.565,6.513,7.738,6.757,8.429,6.504,7.268,-,6.644,7.004,5.116,6.913,6.919,6.730,7.288,5.733,7.099,7.276,7.308,,2.007,3.992,4.301,3.561,5.031,-,6.490,3.430,2.229,-,5.900,6.547,7.096,5.471,5.787
"1978",3.843,,7.449,2.582,3.730,5.158,6.590,6.584,4.389,5.603,2.943,2.312,2.373,2.272,4.956,4.682,6.354,6.748,3.354,1.790,7.391,3.216,2.897,2.640,5.599,4.553,6.186,4.168,1.499,4.179,6.961,6.587,5.117,5.783,8.137,6.583,5.399,6.070,7.281,1.790,3.562,7.285,5.885,3.808,5.094,4.654,5.494,5.716,5.399,5.423,8.636,,-,1.768,2.197,5.234,1.760,,2.242,3.359,2.425,3.008,2.121,6.109,5.610,4.195,2.892,4.074,3.652,2.135,-,4.680,4.989,5.369,4.299,6.443,4.031,5.872,6.543,3.965,6.325,4.128,5.186,5.305,2.718,-,5.064,4.339,4.161,3.271,3.420,2.852,4.397,,3.841,-,1.600,2.060,1.690,2.243,2.150,1.903,2.330,1.670,2.020,1.853,2.600,1.640,1.890,1.380,2.280,2.060,2.350,3.210,-,1.840,1.870,-,2.080,1.480,2.050,2.454,2.300,1.580,2.529,1.770,2.210,2.450,2.520,1.920,-,-,2.470,2.140,2.540,1.600,1.510,1.960,1.750,,7.105,7.467,7.004,6.345,7.041,7.388,6.538,6.564,5.902,6.892,7.069,6.211,6.476,7.763,6.639,5.690,5.804,6.636,6.769,7.230,5.600,6.385,6.665,6.467,6.320,7.618,5.671,6.950,7.582,6.898,7.618,7.152,6.548,2.954,5.877,6.535,6.472,7.775,6.772,8.451,6.473,7.279,-,6.660,7.000,5.060,6.897,6.892,6.711,7.277,5.572,7.099,7.219,7.195,,1.949,3.968,4.185,3.447,5.058,-,6.398,3.428,2.070,-,5.839,6.434,6.990,5.509,5.716
"1979",3.773,,7.449,2.538,3.605,5.036,6.483,6.553,4.216,5.714,2.745,2.328,2.341,2.120,4.889,4.557,6.422,6.658,3.298,1.770,7.329,3.019,2.815,2.900,5.452,4.454,6.233,4.072,1.591,4.120,7.013,6.395,5.006,5.756,8.232,6.561,5.290,5.940,7.252,1.790,3.488,7.197,5.770,3.594,5.142,4.528,5.331,5.603,5.251,5.232,8.671,,-,1.754,2.187,5.024,1.808,,2.162,3.339,2.408,2.987,2.057,5.992,5.542,4.120,2.812,3.967,3.615,1.990,-,4.526,4.855,5.237,4.269,6.399,3.915,5.970,6.431,3.839,6.233,4.002,5.183,5.171,2.664,-,4.891,4.154,4.015,3.278,3.261,2.789,4.298,,3.725,-,1.600,2.050,1.690,2.178,2.160,1.895,2.270,1.600,2.000,1.801,2.700,1.640,1.870,1.380,2.260,2.010,2.490,3.210,-,1.730,1.870,-,2.050,1.480,2.100,2.462,2.268,1.560,2.505,1.750,2.280,2.310,2.490,1.900,-,-,2.450,2.106,2.370,1.660,1.520,1.960,1.860,,6.957,7.461,7.018,6.288,7.090,7.394,6.583,6.473,5.898,6.925,7.075,6.142,6.506,7.682,6.596,5.650,5.817,6.652,6.752,7.271,5.648,6.387,6.605,6.500,6.401,7.538,5.627,6.964,7.408,6.813,7.636,7.151,6.496,2.818,5.785,6.504,6.426,7.812,6.781,8.462,6.434,7.290,-,6.675,7.002,5.016,6.874,6.853,6.685,7.254,5.408,7.100,7.156,7.045,,1.907,3.941,4.080,3.340,5.072,-,6.311,3.426,2.120,-,5.771,6.320,6.871,5.541,5.645
"1980",3.714,,7.449,2.510,3.497,4.916,6.359,6.511,4.067,5.870,2.613,2.354,2.314,2.047,4.827,4.430,6.482,6.569,3.242,1.750,7.262,2.900,2.773,2.820,5.316,4.367,6.277,3.976,1.709,4.068,7.081,6.209,4.893,5.725,8.299,6.534,5.183,5.806,7.206,1.820,3.408,7.094,5.688,3.392,5.219,4.405,5.170,5.505,5.112,5.046,8.710,,-,1.740,2.435,4.823,1.840,,2.118,3.301,2.392,2.986,2.004,5.849,5.474,4.037,2.744,3.856,3.581,1.896,-,4.381,4.730,5.100,4.251,6.342,3.817,6.058,6.313,3.733,6.135,3.884,5.174,5.041,2.607,-,4.703,3.985,3.895,3.284,3.138,2.726,4.200,,3.621,-,1.650,2.030,1.680,2.122,2.050,1.888,2.080,1.550,2.020,1.774,2.500,1.630,1.850,1.440,2.230,1.910,2.480,3.210,-,1.640,1.860,-,1.990,1.500,1.990,2.481,2.243,1.600,2.486,1.720,2.280,2.250,2.430,1.890,-,-,2.320,2.064,2.220,1.680,1.550,1.950,1.900,,6.794,7.459,7.025,6.214,7.127,7.395,6.625,6.375,5.897,6.958,7.078,6.059,6.535,7.590,6.554,5.610,5.835,6.668,6.721,7.316,5.684,6.376,6.539,6.529,6.487,7.455,5.577,6.973,7.219,6.725,7.643,7.150,6.443,2.672,5.685,6.474,6.373,7.844,6.783,8.461,6.386,7.292,-,6.690,7.012,4.980,6.850,6.802,6.653,7.216,5.243,7.100,7.087,6.865,,1.891,3.907,3.989,3.248,5.070,-,6.223,3.424,2.030,-,5.694,6.203,6.748,5.553,5.575
"1981",3.657,,7.449,2.499,3.410,4.800,6.217,6.460,3.943,6.042,2.547,2.385,2.296,1.933,4.766,4.301,6.519,6.485,3.186,1.740,7.179,2.950,2.753,2.570,5.177,4.296,6.315,3.885,1.835,4.021,7.151,6.033,4.773,5.687,8.338,6.504,5.078,5.661,7.138,1.780,3.319,6.976,5.640,3.202,5.306,4.282,5.022,5.422,4.984,4.865,8.752,,-,1.700,2.332,4.636,1.812,,2.101,3.253,2.377,2.992,1.960,5.684,5.408,3.943,2.689,3.743,3.548,1.848,-,4.247,4.612,4.960,4.244,6.271,3.728,6.122,6.190,3.643,6.025,3.775,5.155,4.915,2.548,-,4.512,3.832,3.798,3.281,3.053,2.666,4.104,,3.530,-,1.670,2.020,1.660,2.075,2.000,1.879,2.000,1.440,2.070,1.726,2.500,1.640,1.850,1.430,2.090,1.880,2.330,3.050,-,1.580,1.880,-,1.980,1.550,1.870,2.510,2.224,1.560,2.468,1.700,2.240,2.130,2.360,1.910,-,2.100,2.290,2.016,2.040,1.630,1.550,1.930,1.820,,6.617,7.459,7.025,6.115,7.152,7.396,6.661,6.273,5.899,6.990,7.072,5.964,6.562,7.488,6.513,5.567,5.856,6.683,6.662,7.360,5.709,6.354,6.468,6.557,6.569,7.365,5.518,6.973,7.023,6.637,7.639,7.150,6.389,2.532,5.572,6.445,6.310,7.868,6.779,8.444,6.333,7.279,-,6.704,7.029,4.947,6.829,6.741,6.618,7.163,5.078,7.101,7.017,6.663,,1.935,3.864,3.916,3.177,5.051,-,6.129,3.640,2.010,-,5.609,6.086,6.632,5.532,5.503
"1982",3.627,,7.450,2.503,3.343,4.688,6.058,6.402,3.840,6.193,2.536,2.415,2.284,1.860,4.703,4.167,6.523,6.407,3.130,1.770,7.072,3.000,2.734,2.390,5.018,4.240,6.345,3.802,1.953,3.974,7.203,5.864,4.644,5.645,8.352,6.474,4.978,5.500,7.047,1.740,3.223,6.843,5.613,3.024,5.384,4.155,4.895,5.350,4.868,4.691,8.793,,-,1.690,2.236,4.463,1.828,,2.098,3.204,2.364,2.988,1.922,5.510,5.346,3.838,2.648,3.632,3.521,1.831,3.520,4.122,4.501,4.820,4.243,6.185,3.640,6.154,6.062,3.559,5.902,3.675,5.126,4.795,2.490,3.300,4.328,3.692,3.715,3.261,3.000,2.615,4.014,,3.452,-,1.660,2.050,1.610,2.034,2.010,1.900,2.000,1.430,2.070,1.698,2.300,1.710,1.860,1.410,2.030,1.800,2.270,2.940,-,1.560,1.970,-,1.970,1.490,1.900,2.546,2.208,1.500,2.449,1.710,2.340,2.070,2.170,2.040,-,-,2.280,1.930,1.940,1.620,1.560,1.980,1.780,,6.430,7.461,7.021,5.988,7.165,7.399,6.688,6.170,5.904,7.023,7.056,5.860,6.587,7.383,6.471,5.516,5.880,6.693,6.567,7.397,5.721,6.324,6.392,6.581,6.640,7.268,5.453,6.964,6.826,6.554,7.621,7.150,6.335,2.412,5.440,6.420,6.231,7.882,6.767,8.410,6.276,7.245,3.500,6.715,7.052,4.909,6.813,6.674,6.580,7.094,4.915,7.101,6.946,6.451,,1.929,3.813,3.858,3.128,5.022,-,6.020,3.420,1.950,-,5.515,5.968,6.525,5.475,5.430
"1983",3.595,,7.452,2.517,3.293,4.578,5.884,6.336,3.751,6.296,2.561,2.438,2.277,1.722,4.636,4.028,6.483,6.338,3.106,1.800,6.936,3.040,2.701,2.060,4.830,4.195,6.363,3.729,2.046,3.925,7.219,5.696,4.502,5.597,8.340,6.444,4.883,5.322,6.933,1.610,3.120,6.695,5.599,2.859,5.439,4.021,4.791,5.283,4.763,4.521,8.828,,-,1.680,2.054,4.304,1.799,,2.099,3.159,2.353,2.964,1.889,5.336,5.289,3.723,2.619,3.527,3.500,1.831,-,4.005,4.395,4.684,4.245,6.086,3.548,6.149,5.932,3.477,5.764,3.581,5.087,4.680,2.436,-,4.161,3.561,3.640,3.218,2.973,2.574,3.933,,3.383,-,1.560,2.110,1.570,1.998,2.010,1.880,1.970,1.380,2.160,1.639,2.200,1.740,1.860,1.330,1.940,1.750,2.240,2.740,-,1.510,2.070,-,2.100,1.430,1.920,2.585,2.192,1.470,2.426,1.660,2.420,1.950,2.060,2.110,-,-,2.280,1.810,1.800,1.610,1.520,2.080,1.770,,6.237,7.462,7.010,5.833,7.167,7.407,6.704,6.068,5.909,7.056,7.026,5.752,6.612,7.278,6.426,5.456,5.903,6.697,6.434,7.424,5.721,6.292,6.310,6.602,6.694,7.160,5.381,6.946,6.630,6.477,7.591,7.150,6.282,2.325,5.288,6.396,6.137,7.886,6.749,8.357,6.217,7.189,-,6.724,7.080,4.859,6.806,6.605,6.542,7.011,4.752,7.102,6.877,6.240,,1.924,3.755,3.812,3.100,4.988,-,5.894,3.330,1.920,-,5.415,5.850,6.431,5.385,5.356
"1984",3.564,,7.455,2.538,3.259,4.470,5.698,6.262,3.675,6.338,2.607,2.453,2.275,1.559,4.563,3.887,6.392,6.276,3.082,1.810,6.773,3.080,2.650,1.740,4.610,4.160,6.369,3.665,2.104,3.872,7.189,5.526,4.351,5.546,8.299,6.415,4.795,5.128,6.798,1.620,3.012,6.534,5.588,2.707,5.467,3.883,4.711,5.215,4.669,4.359,8.853,,-,1.650,2.107,4.158,1.807,,2.098,3.123,2.342,2.919,1.858,5.170,5.238,3.600,2.601,3.430,3.482,1.838,-,3.896,4.293,4.554,4.243,5.977,3.452,6.106,5.802,3.394,5.612,3.494,5.037,4.568,2.387,-,4.014,3.439,3.570,3.151,2.967,2.546,3.861,,3.323,-,1.520,2.110,1.540,1.964,2.010,1.870,1.970,1.400,2.170,1.602,2.200,1.690,1.860,1.290,1.830,1.750,2.080,2.580,-,1.460,2.090,-,2.070,1.420,1.950,2.620,2.175,1.490,2.399,1.660,2.370,1.900,2.260,2.060,-,-,2.260,1.740,1.730,1.660,1.530,2.090,1.770,,6.038,7.459,6.994,5.652,7.159,7.418,6.707,5.970,5.914,7.089,6.982,5.644,6.636,7.176,6.378,5.383,5.926,6.693,6.265,7.437,5.709,6.258,6.223,6.619,6.727,7.042,5.302,6.917,6.435,6.410,7.545,7.150,6.231,2.160,5.117,6.375,6.027,7.880,6.726,8.282,6.158,7.111,-,6.729,7.112,4.792,6.806,6.535,6.504,6.915,4.590,7.103,6.810,6.034,,1.840,3.693,3.774,3.092,4.952,-,5.752,3.170,1.930,-,5.312,5.734,6.349,5.266,5.282
"1985",3.536,,7.458,2.559,2.910,4.360,5.501,6.176,3.608,6.313,2.650,2.458,2.273,1.491,4.484,3.745,6.241,6.220,3.058,1.760,6.584,3.080,2.581,1.660,4.357,4.130,6.361,3.611,2.121,3.816,7.106,5.345,4.191,5.490,8.222,6.385,4.712,4.925,6.649,1.610,2.904,6.359,5.573,2.571,5.470,3.741,4.650,5.139,4.585,4.205,8.864,,-,1.670,2.241,4.026,1.844,,2.093,3.095,2.332,2.857,1.830,5.019,5.189,3.471,2.592,3.343,3.464,1.843,-,3.795,4.195,4.433,4.231,5.865,3.354,6.028,5.674,3.308,5.448,3.413,4.974,4.460,2.344,-,3.888,3.328,3.505,3.060,2.973,2.530,3.794,,3.269,-,1.470,2.090,1.510,1.932,1.970,1.820,1.950,1.450,2.130,1.591,2.300,1.640,1.860,1.370,1.670,1.850,1.930,2.480,-,1.420,2.080,-,2.080,1.380,1.950,2.643,2.156,1.510,2.368,1.680,2.330,1.720,2.310,2.050,-,-,2.260,1.710,1.640,1.740,1.520,2.060,1.790,,5.835,7.451,6.972,5.454,7.142,7.432,6.695,5.875,5.915,7.124,6.921,5.539,6.658,7.078,6.328,5.293,5.946,6.680,6.069,7.435,5.686,6.226,6.131,6.631,6.739,6.911,5.216,6.875,6.236,6.353,7.482,7.151,6.179,2.020,4.933,6.354,5.904,7.865,6.698,8.177,6.101,7.013,-,6.731,7.149,4.705,6.810,6.467,6.465,6.808,4.425,7.103,6.746,5.836,,1.923,3.629,3.738,3.095,4.912,-,5.600,3.000,1.930,-,5.210,5.620,6.278,5.128,5.209
"1986",3.500,,7.460,2.578,2.900,4.245,5.298,6.075,3.546,6.226,2.666,2.456,2.269,1.367,4.399,3.606,6.024,6.164,3.034,1.720,6.375,3.135,2.503,1.580,4.074,4.100,6.342,3.563,2.094,3.759,6.967,5.140,4.028,5.431,8.101,6.354,4.632,4.718,6.495,1.430,2.800,6.168,5.543,2.451,5.457,3.598,4.603,5.047,4.509,4.062,8.858,,-,1.675,2.044,3.904,1.838,,2.083,3.075,2.320,2.789,1.805,4.886,5.139,3.342,2.589,3.269,3.441,1.839,-,3.703,4.100,4.322,4.200,5.757,3.263,5.921,5.550,3.223,5.278,3.336,4.900,4.354,2.308,-,3.781,3.230,3.445,2.949,2.986,2.524,3.730,,3.217,-,1.450,2.090,1.540,1.900,2.020,1.760,1.920,1.480,2.180,1.580,2.400,1.600,1.850,1.430,1.600,1.840,1.920,2.440,-,1.350,2.120,-,2.120,1.430,1.930,2.646,2.137,1.550,2.335,1.710,2.220,1.660,2.390,2.150,-,-,2.200,1.670,1.560,1.800,1.530,2.080,1.780,,5.627,7.435,6.942,5.245,7.119,7.443,6.667,5.784,5.910,7.161,6.842,5.440,6.679,6.984,6.280,5.182,5.962,6.659,5.857,7.418,5.653,6.196,6.032,6.637,6.734,6.763,5.125,6.820,6.023,6.307,7.395,7.153,6.126,1.990,4.742,6.332,5.771,7.845,6.664,8.038,6.046,6.902,-,6.732,7.191,4.592,6.816,6.401,6.424,6.690,4.252,7.103,6.685,5.642,,1.868,3.568,3.697,3.099,4.871,-,5.446,3.170,1.960,-,5.110,5.510,6.211,4.989,5.141
"1987",3.455,,7.461,2.591,2.903,4.124,5.092,5.956,3.488,6.097,2.643,2.450,2.260,1.311,4.311,3.472,5.748,6.105,3.010,1.690,6.156,3.190,2.429,1.530,3.777,4.065,6.313,3.520,2.031,3.703,6.780,4.906,3.867,5.371,7.933,6.318,4.554,4.516,6.342,1.620,2.703,5.962,5.495,2.346,5.444,3.461,4.557,4.934,4.500,3.929,8.833,,-,1.680,2.083,3.790,1.872,,2.073,3.059,2.307,2.729,1.782,4.771,5.087,3.217,2.590,3.208,3.412,1.823,3.000,3.620,4.007,4.221,4.146,5.658,3.186,5.799,5.432,3.142,5.104,3.262,4.818,4.247,2.279,2.800,3.683,3.144,3.391,2.827,2.997,2.524,3.665,,3.164,-,1.430,2.030,1.540,1.868,1.960,1.640,1.910,1.500,2.270,1.558,2.400,1.590,1.830,1.430,1.500,1.820,2.060,2.320,-,1.330,2.150,-,2.110,1.400,1.970,2.625,2.120,1.560,2.301,1.740,2.150,1.620,2.380,2.220,-,-,2.140,1.650,1.490,1.840,1.520,2.050,1.810,,5.412,7.409,6.904,5.037,7.092,7.448,6.626,5.695,5.897,7.199,6.749,5.347,6.699,6.892,6.234,5.052,5.974,6.631,5.646,7.387,5.611,6.168,5.928,6.637,6.717,6.599,5.029,6.752,5.790,6.270,7.287,7.156,6.069,2.050,4.554,6.308,5.632,7.824,6.625,7.863,5.992,6.785,3.000,6.731,7.238,4.458,6.816,6.337,6.379,6.566,4.070,7.102,6.624,5.448,,1.845,3.512,3.645,3.097,4.829,5.900,5.299,3.250,2.030,-,5.018,5.404,6.139,4.864,5.078
"1988",3.399,,7.461,2.592,2.800,3.997,4.887,5.819,3.428,5.944,2.575,2.442,2.243,1.400,4.222,3.346,5.427,6.039,2.948,1.660,5.938,3.130,2.369,1.550,3.482,4.020,6.274,3.475,1.944,3.650,6.555,4.644,3.714,5.308,7.719,6.276,4.476,4.329,6.194,1.960,2.617,5.746,5.427,2.256,5.441,3.331,4.504,4.797,4.280,3.802,8.786,,-,1.680,2.317,3.680,1.934,,2.067,3.042,2.291,2.683,1.765,4.671,5.028,3.101,2.591,3.158,3.373,1.797,-,3.544,3.917,4.129,4.068,5.572,3.127,5.673,5.321,3.069,4.931,3.190,4.730,4.138,2.256,-,3.589,3.072,3.345,2.700,2.999,2.525,3.597,,3.108,-,1.450,2.031,1.570,1.835,1.970,1.790,1.940,1.560,2.270,1.563,2.600,1.690,1.810,1.460,1.500,1.810,2.260,2.170,-,1.360,2.110,-,2.020,1.510,2.060,2.578,2.104,1.550,2.269,1.840,2.130,1.610,2.300,2.120,-,-,2.130,1.630,1.450,1.960,1.570,2.020,1.820,,5.191,7.373,6.858,4.839,7.064,7.444,6.573,5.603,5.876,7.238,6.644,5.262,6.717,6.801,6.188,4.906,5.982,6.596,5.447,7.347,5.562,6.142,5.820,6.631,6.693,6.425,4.929,6.673,5.533,6.237,7.160,7.161,6.009,2.140,4.374,6.281,5.493,7.803,6.582,7.657,5.938,6.668,-,6.730,7.289,4.306,6.808,6.274,6.328,6.437,3.878,7.100,6.563,5.252,,1.831,3.465,3.579,3.082,4.784,-,5.167,3.100,2.100,-,4.934,5.303,6.056,4.763,5.022
"1989",3.324,,7.461,2.578,2.800,3.866,4.686,5.664,3.363,5.777,2.460,2.430,2.217,1.296,4.132,3.229,5.070,5.965,2.886,1.570,5.725,2.820,2.323,1.560,3.205,3.875,6.222,3.428,1.838,3.600,6.295,4.356,3.573,5.242,7.462,6.225,4.397,4.159,6.052,1.750,2.544,5.526,5.336,2.179,5.452,3.213,4.436,4.636,4.179,3.680,8.713,,-,1.770,2.299,3.574,2.014,,2.064,3.022,2.272,2.655,1.750,4.584,4.963,2.995,2.589,3.117,3.324,1.759,-,3.475,3.829,4.043,3.966,5.500,3.089,5.549,5.218,3.003,4.762,3.121,4.639,4.026,2.236,-,3.495,3.010,3.304,2.574,2.987,2.525,3.524,,3.046,-,1.450,2.026,1.580,1.803,1.900,1.630,1.870,1.620,2.220,1.530,2.700,1.710,1.790,1.420,1.400,1.820,2.190,2.080,-,1.330,2.050,-,1.980,1.520,2.100,2.506,2.091,1.550,2.238,1.890,2.080,1.570,2.220,2.010,-,-,2.070,1.520,1.400,2.010,1.560,1.920,1.790,,4.962,7.328,6.805,4.654,7.036,7.430,6.509,5.504,5.847,7.276,6.531,5.185,6.733,6.710,6.137,4.747,5.986,6.552,5.267,7.298,5.505,6.118,5.710,6.618,6.663,6.244,4.826,6.587,5.256,6.208,7.019,7.164,5.946,2.230,4.205,6.248,5.354,7.786,6.537,7.427,5.884,6.555,-,6.726,7.343,4.139,6.789,6.213,6.273,6.309,3.678,7.097,6.502,5.055,,1.838,3.427,3.498,3.053,4.738,-,5.052,2.970,2.120,-,4.861,5.208,5.961,4.691,4.971
"1990",3.249,,7.466,2.544,2.740,3.732,4.495,5.493,3.290,5.601,2.309,2.411,2.180,1.272,4.045,3.122,4.691,5.882,2.824,1.540,5.521,2.720,2.289,1.570,2.967,3.630,6.151,3.372,1.722,3.554,6.003,4.052,3.447,5.172,7.165,6.164,4.320,4.013,5.911,1.830,2.483,5.309,5.225,2.113,5.478,3.107,4.344,4.454,4.072,3.553,8.606,,-,1.830,2.444,3.470,2.081,,2.067,2.997,2.249,2.640,1.740,4.508,4.890,2.902,2.579,3.082,3.264,1.714,-,3.411,3.744,3.964,3.842,5.437,3.069,5.430,5.123,2.947,4.596,3.057,4.547,3.912,2.219,-,3.399,2.956,3.267,2.453,2.954,2.520,3.448,,2.978,-,1.460,1.913,1.620,1.772,1.820,1.630,1.900,1.670,2.050,1.534,2.800,1.780,1.770,1.450,1.390,1.870,2.300,2.110,-,1.330,2.020,-,2.030,1.600,2.020,2.414,2.078,1.620,2.206,1.930,2.060,1.560,1.830,1.892,-,-,2.090,1.460,1.360,2.130,1.580,1.850,1.830,,4.726,7.272,6.744,4.485,7.007,7.405,6.436,5.392,5.811,7.313,6.412,5.119,6.746,6.622,6.073,4.580,5.987,6.496,5.106,7.246,5.442,6.096,5.602,6.598,6.627,6.066,4.721,6.499,4.966,6.179,6.872,7.165,5.881,2.320,4.047,6.211,5.219,7.772,6.490,7.184,5.828,6.448,-,6.721,7.398,3.964,6.761,6.152,6.213,6.185,3.476,7.091,6.442,4.862,,1.902,3.398,3.401,3.013,4.688,-,4.958,3.180,2.180,2.840,4.802,5.118,5.851,4.644,4.926
"1991",3.157,,7.479,2.484,2.870,3.599,4.315,5.306,3.206,5.421,2.140,2.381,2.132,1.281,3.959,3.022,4.304,5.793,2.762,1.530,5.326,2.610,2.262,1.710,2.791,3.580,6.054,3.306,1.605,3.510,5.680,3.746,3.338,5.099,6.831,6.091,4.246,3.893,5.761,1.730,2.433,5.106,5.100,2.055,5.515,3.016,4.222,4.253,4.199,3.415,8.459,,-,1.700,2.421,3.369,2.063,,2.075,2.965,2.221,2.633,1.733,4.436,4.810,2.822,2.558,3.047,3.193,1.668,-,3.349,3.665,3.889,3.701,5.380,3.063,5.317,5.039,2.899,4.432,2.999,4.457,3.794,2.201,-,3.302,2.907,3.231,2.339,2.895,2.509,3.370,,2.905,-,1.510,1.805,1.660,1.748,1.660,1.530,1.860,1.680,1.800,1.489,2.600,1.790,1.750,1.330,1.370,1.870,2.180,2.080,-,1.300,1.860,-,2.010,1.600,1.990,2.309,2.063,1.610,2.171,1.920,2.070,1.560,1.590,1.732,-,1.800,2.050,1.420,1.330,2.110,1.580,1.776,1.820,,4.479,7.208,6.677,4.330,6.979,7.371,6.354,5.259,5.771,7.346,6.291,5.064,6.758,6.536,5.986,4.413,5.985,6.423,4.962,7.193,5.371,6.077,5.499,6.570,6.582,5.901,4.614,6.415,4.670,6.149,6.728,7.159,5.818,2.300,3.896,6.167,5.087,7.761,6.443,6.942,5.769,6.346,-,6.711,7.455,3.784,6.726,6.091,6.148,6.068,3.276,7.082,6.384,4.676,,1.849,3.374,3.291,2.969,4.635,-,4.882,3.150,2.160,-,4.756,5.034,5.728,4.612,4.883
"1992",3.072,,7.502,2.400,2.740,3.471,4.146,5.110,3.111,5.237,1.977,2.337,2.076,1.347,3.877,2.929,3.923,5.700,2.700,1.502,5.138,2.500,2.235,1.760,2.682,3.520,5.928,3.228,1.494,3.466,5.332,3.450,3.244,5.020,6.472,6.007,4.177,3.795,5.594,1.720,2.390,4.920,4.967,2.003,5.556,2.937,4.071,4.041,4.004,3.260,8.272,,-,1.710,2.607,3.273,2.046,,2.088,2.925,2.187,2.623,1.728,4.363,4.726,2.754,2.526,3.010,3.114,1.628,2.500,3.287,3.591,3.815,3.551,5.320,3.066,5.208,4.963,2.860,4.267,2.950,4.368,3.673,2.179,2.600,3.203,2.860,3.195,2.231,2.812,2.491,3.292,,2.829,-,1.510,1.764,1.650,1.730,1.550,1.480,1.710,1.760,1.710,1.468,2.500,1.850,1.740,1.290,1.360,1.770,2.210,1.990,-,1.300,1.730,-,1.970,1.640,2.070,2.199,2.046,1.590,2.131,1.880,1.950,1.540,1.510,1.552,-,-,1.930,1.330,1.310,2.090,1.580,1.674,1.790,,4.223,7.138,6.603,4.183,6.950,7.329,6.264,5.102,5.729,7.376,6.171,5.019,6.767,6.454,5.869,4.253,5.984,6.332,4.827,7.141,5.292,6.059,5.403,6.535,6.526,5.755,4.506,6.337,4.381,6.116,6.596,7.146,5.759,2.370,3.746,6.119,4.958,7.752,6.395,6.713,5.704,6.246,2.696,6.696,7.512,3.607,6.686,6.028,6.081,5.960,3.085,7.071,6.329,4.503,,1.888,3.352,3.175,2.929,4.576,-,4.820,2.990,2.120,-,4.723,4.956,5.596,4.583,4.841
"1993",2.988,,7.535,2.297,2.700,3.352,3.990,4.909,3.007,5.052,1.838,2.278,2.013,1.342,3.799,2.842,3.562,5.607,2.800,1.458,4.958,2.300,2.202,1.654,2.641,3.200,5.772,3.140,1.394,3.422,4.969,3.180,3.164,4.934,6.098,5.912,4.113,3.714,5.407,1.740,2.353,4.757,4.834,1.956,5.597,2.868,3.898,3.827,3.800,3.089,8.048,,-,1.700,2.578,3.182,2.020,,2.107,2.879,2.149,2.602,1.725,4.286,4.640,2.693,2.484,2.968,3.029,1.600,-,3.226,3.524,3.740,3.401,5.252,3.071,5.099,4.893,2.826,4.102,2.909,4.282,3.552,2.153,-,3.104,2.811,3.156,2.131,2.712,2.466,3.218,,2.751,-,1.500,1.623,1.610,1.720,1.460,1.520,1.670,1.750,1.490,1.435,2.500,1.810,1.730,1.280,1.320,1.680,2.220,1.900,-,1.250,1.510,-,1.740,1.700,1.960,2.093,2.025,1.570,2.085,1.860,1.870,1.520,1.430,1.385,-,-,1.870,1.330,1.260,1.990,1.510,1.562,1.760,,3.962,7.065,6.526,4.041,6.917,7.284,6.170,4.921,5.689,7.399,6.053,4.982,6.773,6.374,5.721,4.103,5.981,6.223,4.694,7.092,5.205,6.041,5.317,6.493,6.458,5.633,4.397,6.269,4.109,6.078,6.480,7.124,5.704,2.210,3.595,6.067,4.830,7.743,6.348,6.505,5.635,6.146,-,6.674,7.566,3.438,6.644,5.964,6.013,5.861,2.907,7.057,6.278,4.346,,1.859,3.330,3.059,2.899,4.512,-,4.766,2.860,2.050,-,4.700,4.882,5.461,4.547,4.798
"1994",2.922,,7.572,2.179,2.520,3.244,3.846,4.704,2.897,4.867,1.731,2.206,1.946,1.355,3.723,2.761,3.231,5.513,2.900,1.500,4.787,2.280,2.164,1.656,2.660,2.900,5.589,3.042,1.308,3.372,4.600,2.941,3.097,4.839,5.720,5.808,4.056,3.647,5.200,1.710,2.320,4.617,4.705,1.911,5.638,2.809,3.707,3.618,3.537,2.904,7.795,,-,1.670,2.527,3.097,2.002,,2.128,2.828,2.108,2.568,1.725,4.201,4.553,2.639,2.432,2.918,2.941,1.584,-,3.163,3.461,3.662,3.254,5.174,3.074,4.991,4.826,2.797,3.937,2.877,4.196,3.432,2.122,-,3.001,2.760,3.115,2.040,2.599,2.436,3.147,,2.672,-,1.470,1.533,1.560,1.713,1.370,1.470,1.440,1.810,1.420,1.398,2.400,1.850,1.730,1.240,1.330,1.640,2.140,1.850,1.800,1.210,1.390,-,1.570,1.720,1.840,1.994,2.002,1.570,2.033,1.870,1.810,1.450,1.400,1.400,-,-,1.670,1.320,1.190,1.880,1.490,1.468,1.740,,3.702,6.990,6.446,3.904,6.882,7.235,6.073,4.720,5.652,7.416,5.941,4.953,6.777,6.298,5.546,3.967,5.978,6.100,4.563,7.043,5.113,6.023,5.239,6.444,6.381,5.535,4.291,6.210,3.859,6.033,6.384,7.094,5.655,2.250,3.445,6.015,4.703,7.734,6.303,6.324,5.562,6.046,-,6.645,7.615,3.283,6.601,5.897,5.946,5.772,2.747,7.039,6.231,4.207,,1.842,3.305,2.946,2.881,4.445,-,4.716,2.700,2.000,-,4.683,4.815,5.326,4.501,4.754
"1995",2.863,,7.606,2.056,2.290,3.147,3.713,4.500,2.785,4.685,1.660,2.124,1.879,1.295,3.651,2.688,2.941,5.419,2.900,1.422,4.630,2.260,2.122,1.634,2.720,3.100,5.385,2.936,1.236,3.313,4.237,2.738,3.042,4.731,5.346,5.694,4.005,3.588,4.980,1.670,2.291,4.501,4.580,1.867,5.684,2.755,3.512,3.418,3.596,2.714,7.525,,1.800,1.639,2.512,3.018,1.978,,2.150,2.773,2.064,2.515,1.727,4.109,4.466,2.588,2.372,2.862,2.850,1.580,-,3.101,3.403,3.577,3.116,5.087,3.074,4.884,4.756,2.768,3.775,2.852,4.108,3.315,2.086,-,2.892,2.703,3.072,1.961,2.481,2.401,3.082,,2.591,-,1.420,1.406,1.560,1.706,1.230,1.580,1.280,1.800,1.380,1.383,2.500,1.810,1.740,1.250,1.280,1.570,2.080,1.840,-,1.190,1.250,-,1.550,1.700,1.770,1.901,1.977,1.530,1.977,1.870,1.620,1.410,1.330,1.337,-,1.700,1.520,1.290,1.160,1.730,1.480,1.398,1.710,,3.448,6.918,6.364,3.774,6.844,7.185,5.978,4.505,5.618,7.425,5.835,4.930,6.779,6.225,5.352,3.844,5.971,5.965,4.434,6.991,5.016,6.004,5.168,6.391,6.294,5.459,4.189,6.158,3.636,5.979,6.309,7.058,5.612,2.140,3.298,5.965,4.574,7.725,6.262,6.172,5.487,5.945,-,6.608,7.654,3.144,6.554,5.829,5.883,5.695,2.606,7.018,6.189,4.088,,1.822,3.276,2.841,2.872,4.374,-,4.664,2.590,1.990,2.330,4.668,4.751,5.197,4.447,4.708
"1996",2.817,,7.629,1.938,2.060,3.062,3.591,4.297,2.677,4.504,1.622,2.036,1.812,1.191,3.582,2.627,2.696,5.325,2.900,1.425,4.489,2.130,2.080,1.574,2.796,2.800,5.165,2.826,1.174,3.238,3.888,2.570,2.998,4.606,4.981,5.571,3.961,3.532,4.754,1.660,2.268,4.402,4.456,1.823,5.746,2.705,3.323,3.232,3.320,2.529,7.251,,-,1.592,2.493,2.946,1.976,,2.170,2.718,2.021,2.444,1.732,4.010,4.381,2.536,2.306,2.802,2.755,1.585,-,3.040,3.345,3.482,2.988,4.993,3.069,4.777,4.678,2.738,3.620,2.830,4.014,3.203,1.940,-,2.772,2.641,3.030,1.896,2.367,2.364,3.022,,2.507,-,1.450,1.335,1.590,1.690,1.230,1.670,1.180,1.750,1.370,1.396,2.600,1.780,1.750,1.300,1.260,1.460,2.120,1.880,-,1.200,1.160,-,1.490,1.770,1.990,1.811,1.951,1.530,1.919,1.890,1.590,1.440,1.300,1.270,-,-,1.470,1.280,1.140,1.600,1.500,1.335,1.730,,3.208,6.851,6.282,3.654,6.801,7.135,5.886,4.287,5.589,7.426,5.736,4.913,6.777,6.154,5.152,3.733,5.960,5.825,4.311,6.931,4.916,5.983,5.102,6.334,6.201,5.400,4.094,6.110,3.439,5.912,6.253,7.020,5.572,2.120,3.160,5.921,4.440,7.716,6.224,6.046,5.414,5.843,-,6.564,7.680,3.023,6.503,5.758,5.828,5.628,2.485,6.994,6.153,3.989,,1.796,3.244,2.745,2.870,4.304,-,4.608,2.650,1.960,-,4.653,4.692,5.077,4.391,4.662
"1997",2.777,,7.632,1.832,2.070,2.987,3.478,4.095,2.578,4.325,1.605,1.946,1.749,1.127,3.514,2.579,2.489,5.230,2.940,1.388,4.367,2.000,2.044,1.537,2.861,2.600,4.939,2.714,1.116,3.145,3.560,2.429,2.963,4.464,4.630,5.442,3.922,3.473,4.533,1.610,2.252,4.314,4.332,1.781,5.826,2.657,3.154,3.062,3.082,2.359,6.986,,-,1.550,2.690,2.880,1.971,,2.187,2.666,1.978,2.358,1.740,3.908,4.297,2.483,2.238,2.742,2.657,1.593,1.900,2.983,3.288,3.377,2.870,4.895,3.061,4.669,4.588,2.704,3.473,2.810,3.911,3.099,1.900,2.400,2.641,2.576,2.990,1.843,2.266,2.328,2.967,,2.422,-,1.390,1.250,1.600,1.662,1.090,1.690,1.170,1.750,1.320,1.417,2.500,1.750,1.770,1.350,1.270,1.370,2.040,1.930,-,1.220,1.110,-,1.470,1.710,1.930,1.719,1.927,1.560,1.864,1.860,1.510,1.470,1.320,1.218,-,1.600,1.430,1.250,1.150,1.520,1.480,1.272,1.720,,2.988,6.789,6.199,3.546,6.754,7.083,5.799,4.074,5.564,7.419,5.642,4.900,6.774,6.084,4.958,3.629,5.941,5.686,4.195,6.858,4.815,5.960,5.036,6.273,6.105,5.348,4.007,6.059,3.265,5.835,6.209,6.983,5.533,2.040,3.036,5.886,4.300,7.707,6.190,5.936,5.345,5.741,2.100,6.512,7.691,2.919,6.444,5.686,5.780,5.569,2.379,6.967,6.121,3.907,,1.778,3.209,2.660,2.867,4.235,-,4.544,2.670,1.960,-,4.632,4.637,4.968,4.340,4.616
"1998",2.746,,7.610,1.747,2.000,2.919,3.371,3.895,2.489,4.146,1.597,1.861,1.692,1.016,3.446,2.544,2.317,5.133,2.980,1.384,4.264,1.800,2.017,1.464,2.895,2.700,4.717,2.606,1.059,3.036,3.259,2.310,2.933,4.306,4.297,5.308,3.886,3.407,4.325,1.480,2.242,4.232,4.207,1.742,5.921,2.607,3.013,2.907,2.815,2.213,6.738,,-,1.530,2.457,2.821,1.999,,2.199,2.618,1.939,2.264,1.750,3.805,4.214,2.426,2.172,2.683,2.558,1.600,-,2.930,3.228,3.263,2.762,4.797,3.050,4.561,4.484,2.666,3.339,2.789,3.798,3.002,1.900,-,2.499,2.509,2.955,1.801,2.185,2.295,2.915,,2.334,-,1.370,1.300,1.600,1.619,1.110,1.450,1.160,1.720,1.280,1.418,2.300,1.700,1.780,1.360,1.240,1.320,2.050,1.940,-,1.220,1.090,-,1.460,1.680,1.840,1.623,1.906,1.630,1.812,1.810,1.440,1.470,1.320,1.232,-,-,1.370,1.230,1.130,1.500,1.470,1.211,1.710,,2.796,6.732,6.118,3.452,6.704,7.030,5.718,3.876,5.541,7.405,5.552,4.889,6.768,6.014,4.780,3.529,5.914,5.553,4.090,6.769,4.716,5.935,4.969,6.211,6.009,5.296,3.928,6.003,3.109,5.748,6.170,6.950,5.495,1.970,2.930,5.859,4.157,7.698,6.159,5.835,5.282,5.639,2.040,6.455,7.686,2.829,6.377,5.614,5.741,5.515,2.287,6.937,6.093,3.839,,1.762,3.171,2.585,2.860,4.170,-,4.471,2.540,1.890,-,4.604,4.587,4.872,4.300,4.573
"1999",2.717,,7.561,1.685,2.070,2.856,3.269,3.701,2.413,3.971,1.595,1.783,1.643,0.981,3.379,2.523,2.177,5.036,2.965,1.342,4.178,1.800,1.999,1.425,2.890,2.600,4.506,2.502,1.002,2.913,2.993,2.214,2.906,4.135,3.989,5.172,3.850,3.329,4.137,1.470,2.239,4.152,4.084,1.705,6.023,2.556,2.903,2.768,2.720,2.096,6.514,,-,1.510,2.415,2.766,2.008,,2.203,2.577,1.903,2.166,1.762,3.703,4.133,2.365,2.110,2.627,2.459,1.603,-,2.882,3.166,3.144,2.666,4.699,3.036,4.452,4.367,2.623,3.218,2.767,3.678,2.917,2.000,-,2.350,2.442,2.923,1.772,2.129,2.265,2.867,,2.246,-,1.340,1.310,1.620,1.562,1.230,1.380,1.130,1.730,1.300,1.431,2.300,1.730,1.810,1.360,1.230,1.280,1.990,1.900,-,1.230,1.160,-,1.460,1.740,1.730,1.527,1.888,1.650,1.765,1.850,1.370,1.500,1.300,1.157,-,-,1.330,1.210,1.170,1.500,1.480,1.127,1.680,,2.635,6.683,6.038,3.371,6.650,6.976,5.645,3.697,5.520,7.384,5.466,4.880,6.760,5.943,4.622,3.432,5.878,5.430,3.997,6.664,4.620,5.908,4.899,6.147,5.913,5.239,3.857,5.939,2.970,5.653,6.133,6.921,5.455,2.050,2.842,5.840,4.014,7.689,6.131,5.737,5.226,5.541,2.040,6.390,7.664,2.754,6.303,5.542,5.711,5.466,2.208,6.903,6.065,3.786,,1.755,3.132,2.520,2.846,4.110,5.710,4.390,2.480,1.970,-,4.569,4.541,4.789,4.270,4.531
"2000",2.696,,7.485,1.648,2.000,2.795,3.169,3.515,2.346,3.805,1.596,1.716,1.608,1.032,3.311,2.512,2.067,4.940,2.950,1.359,4.109,1.800,1.991,1.480,2.845,2.400,4.311,2.405,0.950,2.784,2.771,2.141,2.878,3.955,3.716,5.037,3.811,3.236,3.971,1.600,2.240,4.076,3.967,1.671,6.113,2.503,2.824,2.644,2.580,2.010,6.313,,1.740,1.488,2.329,2.716,2.056,,2.200,2.542,1.872,2.073,1.775,3.601,4.051,2.300,2.055,2.572,2.363,1.603,-,2.839,3.102,3.022,2.582,4.598,3.017,4.344,4.237,2.577,3.111,2.744,3.553,2.845,2.049,-,2.202,2.379,2.895,1.753,2.060,2.237,2.822,,2.157,-,1.360,1.317,1.670,1.497,1.260,1.390,1.150,1.770,1.360,1.471,2.600,1.730,1.890,1.380,1.250,1.320,2.080,1.890,-,1.260,1.250,1.570,1.390,1.760,1.680,1.435,1.875,1.720,1.723,1.850,1.370,1.550,1.310,1.195,-,1.480,1.300,1.260,1.220,1.540,1.500,1.116,1.640,,2.514,6.639,5.962,3.304,6.592,6.920,5.580,3.539,5.500,7.354,5.384,4.871,6.751,5.870,4.484,3.340,5.834,5.321,3.915,6.543,4.533,5.879,4.826,6.082,5.820,5.178,3.792,5.866,2.851,5.551,6.098,6.897,5.413,1.990,2.771,5.826,3.880,7.679,6.106,5.640,5.176,5.448,2.080,6.319,7.627,2.694,6.223,5.471,5.689,5.419,2.142,6.866,6.036,3.748,,1.756,3.090,2.463,2.824,4.058,-,4.300,2.590,1.980,1.830,4.525,4.503,4.719,4.250,4.492
"2001",2.666,,7.387,1.634,1.800,2.731,3.070,3.342,2.284,3.654,1.597,1.660,1.589,0.931,3.244,2.509,1.983,4.847,2.920,1.330,4.056,1.900,1.988,1.309,2.772,2.400,4.137,2.313,0.906,2.657,2.596,2.095,2.845,3.772,3.484,4.904,3.766,3.124,3.830,1.410,2.246,4.007,3.862,1.641,6.171,2.451,2.770,2.533,2.460,1.954,6.130,,1.750,1.510,2.510,2.669,2.031,,2.187,2.512,1.846,1.993,1.785,3.497,3.969,2.232,2.009,2.516,2.275,1.598,-,2.799,3.037,2.903,2.512,4.490,2.992,4.237,4.098,2.529,3.019,2.720,3.431,2.789,1.935,-,2.060,2.321,2.868,1.744,1.900,2.211,2.779,,2.068,-,1.330,1.286,1.670,1.432,1.210,1.460,1.150,1.740,1.320,1.457,2.300,1.730,1.900,1.350,1.250,1.310,1.950,1.940,-,1.250,1.220,1.520,1.290,1.660,1.480,1.354,1.865,1.710,1.683,1.780,1.310,1.450,1.270,1.223,-,1.580,1.200,1.210,1.230,1.570,1.380,1.078,1.630,,2.438,6.601,5.889,3.248,6.531,6.862,5.524,3.399,5.480,7.315,5.307,4.862,6.740,5.793,4.359,3.253,5.785,5.227,3.848,6.407,4.455,5.849,4.753,6.015,5.730,5.112,3.732,5.785,2.751,5.447,6.065,6.878,5.369,1.910,2.715,5.813,3.763,7.669,6.083,5.542,5.131,5.365,1.980,6.242,7.577,2.652,6.139,5.402,5.675,5.372,2.088,6.823,6.003,3.725,,1.739,3.044,2.415,2.794,4.015,-,4.204,2.430,1.970,-,4.475,4.476,4.659,4.236,4.454
"2002",2.644,,7.272,1.635,1.800,2.663,2.973,3.183,2.220,3.521,1.600,1.614,1.586,0.941,3.176,2.511,1.922,4.758,2.890,1.320,4.013,2.000,1.988,1.178,2.690,2.400,3.983,2.225,0.875,2.539,2.465,2.078,2.807,3.593,3.293,4.774,3.712,2.996,3.708,1.370,2.254,3.948,3.773,1.616,6.182,2.400,2.730,2.432,2.520,1.920,5.954,,1.770,1.501,2.566,2.623,2.021,,2.166,2.486,1.823,1.931,1.793,3.392,3.885,2.163,1.972,2.458,2.195,1.590,1.900,2.762,2.972,2.792,2.455,4.372,2.961,4.132,3.956,2.482,2.941,2.698,3.315,2.749,1.832,2.107,1.933,2.271,2.840,1.744,2.210,2.184,2.739,,1.981,-,1.390,1.240,1.650,1.374,1.230,1.420,1.170,1.720,1.360,1.459,2.600,1.720,1.880,1.340,1.280,1.300,1.930,1.970,1.650,1.270,1.260,1.470,1.230,1.630,1.450,1.290,1.858,1.730,1.644,1.750,1.250,1.460,1.270,1.286,-,1.570,1.190,1.210,1.250,1.650,1.390,1.095,1.630,,2.403,6.567,5.820,3.200,6.468,6.801,5.475,3.271,5.459,7.268,5.235,4.854,6.730,5.713,4.240,3.173,5.731,5.145,3.792,6.262,4.388,5.818,4.681,5.947,5.641,5.045,3.674,5.699,2.671,5.342,6.033,6.861,5.323,1.940,2.670,5.794,3.670,7.658,6.060,5.443,5.090,5.292,2.040,6.158,7.517,2.624,6.054,5.334,5.666,5.326,2.046,6.776,5.963,3.718,,1.756,2.995,2.371,2.758,3.979,-,4.105,2.330,1.890,-,4.422,4.460,4.606,4.221,4.416
"2003",2.625,,7.148,1.645,1.900,2.590,2.876,3.037,2.154,3.406,1.604,1.576,1.599,0.901,3.109,2.513,1.878,4.676,2.950,1.290,3.977,2.030,1.986,1.191,2.614,2.500,3.845,2.142,0.860,2.438,2.372,2.087,2.763,3.422,3.142,4.648,3.650,2.858,3.601,1.270,2.263,3.899,3.703,1.595,6.137,2.353,2.698,2.337,2.360,1.901,5.778,,1.800,1.525,2.372,2.579,2.048,,2.140,2.461,1.803,1.889,1.797,3.286,3.798,2.097,1.943,2.395,2.124,1.583,1.900,2.725,2.911,2.691,2.409,4.245,2.924,4.029,3.815,2.439,2.874,2.679,3.210,2.723,1.762,-,1.826,2.229,2.811,1.749,2.070,2.156,2.701,,1.897,-,1.380,1.232,1.670,1.330,1.260,1.410,1.180,1.760,1.370,1.474,2.500,1.760,1.890,1.340,1.290,1.270,1.990,1.960,-,1.290,1.320,1.360,1.260,1.620,1.480,1.247,1.852,1.750,1.605,1.800,1.220,1.440,1.300,1.319,-,1.590,1.200,1.200,1.300,1.710,1.390,1.172,1.700,,2.405,6.533,5.754,3.159,6.403,6.736,5.431,3.151,5.436,7.212,5.167,4.846,6.718,5.630,4.118,3.106,5.675,5.073,3.745,6.112,4.332,5.787,4.612,5.877,5.555,4.979,3.616,5.610,2.609,5.240,6.000,6.842,5.277,1.870,2.632,5.768,3.604,7.645,6.036,5.342,5.049,5.232,2.060,6.067,7.451,2.608,5.969,5.268,5.659,5.279,2.016,6.723,5.915,3.725,,1.748,2.944,2.331,2.718,3.950,-,4.007,2.270,1.930,-,4.368,4.454,4.558,4.202,4.378
"2004",2.609,,7.016,1.659,2.054,2.514,2.782,2.906,2.086,3.309,1.608,1.545,1.625,0.922,3.041,2.515,1.846,4.600,2.900,1.290,3.943,2.210,1.982,1.164,2.548,2.600,3.724,2.066,0.862,2.355,2.313,2.121,2.713,3.263,3.029,4.528,3.579,2.713,3.505,1.260,2.271,3.857,3.652,1.580,6.033,2.310,2.671,2.247,2.460,1.894,5.601,,1.780,1.526,2.415,2.536,2.052,,2.109,2.438,1.787,1.867,1.795,3.180,3.710,2.033,1.923,2.330,2.065,1.576,-,2.689,2.853,2.604,2.373,4.110,2.883,3.931,3.677,2.398,2.816,2.663,3.119,2.706,1.782,-,1.740,2.196,2.781,1.758,2.170,2.126,2.664,,1.821,-,1.420,1.233,1.720,1.301,1.330,1.430,1.230,1.780,1.470,1.496,2.600,1.800,1.920,1.360,1.310,1.280,2.040,1.930,-,1.340,1.290,1.440,1.270,1.660,1.400,1.224,1.847,1.720,1.566,1.830,1.230,1.400,1.330,1.344,-,1.570,1.250,1.250,1.310,1.750,1.420,1.218,1.750,,2.438,6.499,5.691,3.122,6.335,6.666,5.390,3.038,5.411,7.147,5.103,4.838,6.705,5.545,3.994,3.052,5.618,5.007,3.704,5.961,4.286,5.756,4.548,5.804,5.470,4.913,3.558,5.520,2.563,5.141,5.963,6.821,5.230,1.920,2.598,5.733,3.565,7.630,6.011,5.239,5.007,5.185,2.010,5.969,7.381,2.603,5.885,5.204,5.651,5.231,1.997,6.662,5.859,3.744,,1.768,2.893,2.291,2.677,3.927,-,3.912,2.180,1.980,-,4.315,4.456,4.513,4.177,4.340
"2005",2.588,,6.875,1.675,2.000,2.436,2.691,2.788,2.022,3.227,1.612,1.520,1.664,0.959,2.972,2.514,1.825,4.534,2.840,1.260,3.907,2.220,1.975,1.085,2.494,2.500,3.615,2.002,0.879,2.293,2.279,2.177,2.657,3.118,2.951,4.416,3.504,2.569,3.417,1.260,2.276,3.814,3.619,1.568,5.876,2.273,2.654,2.161,2.360,1.894,5.425,,1.760,1.543,2.377,2.495,2.057,,2.077,2.416,1.774,1.863,1.788,3.077,3.621,1.976,1.909,2.263,2.016,1.573,-,2.653,2.800,2.529,2.344,3.971,2.840,3.836,3.545,2.361,2.767,2.651,3.040,2.695,1.770,-,1.675,2.170,2.749,1.769,2.240,2.097,2.629,,1.755,-,1.410,1.252,1.760,1.288,1.370,1.500,1.290,1.800,1.520,1.500,2.600,1.800,1.940,1.340,1.340,1.310,2.050,1.860,-,1.340,1.390,1.490,1.290,1.630,1.380,1.219,1.840,1.710,1.531,1.840,1.240,1.410,1.400,1.294,-,1.450,1.270,1.260,1.330,1.770,1.420,1.213,1.760,,2.496,6.461,5.632,3.091,6.265,6.593,5.350,2.933,5.383,7.074,5.042,4.829,6.690,5.460,3.867,3.019,5.559,4.945,3.663,5.812,4.251,5.725,4.490,5.729,5.389,4.843,3.502,5.429,2.530,5.047,5.914,6.794,5.184,1.880,2.571,5.688,3.552,7.612,5.985,5.131,4.964,5.149,2.200,5.863,7.306,2.603,5.803,5.143,5.638,5.179,1.991,6.594,5.794,3.775,,1.807,2.846,2.254,2.636,3.909,4.500,3.823,2.200,1.970,2.020,4.263,4.460,4.473,4.144,4.301
"2006",2.577,,6.722,1.690,1.970,2.363,2.604,2.679,1.969,3.155,1.615,1.498,1.711,0.984,2.899,2.510,1.812,4.480,2.880,1.320,3.866,2.360,1.966,1.132,2.447,2.700,3.516,1.956,0.911,2.249,2.262,2.253,2.596,2.986,2.904,4.310,3.429,2.433,3.331,1.280,2.278,3.762,3.602,1.560,5.675,2.240,2.653,2.081,2.390,1.899,5.253,,1.760,1.586,2.256,2.456,2.108,,2.048,2.397,1.765,1.869,1.775,2.980,3.533,1.925,1.901,2.198,1.978,1.576,-,2.619,2.753,2.465,2.321,3.833,2.797,3.746,3.419,2.325,2.725,2.643,2.970,2.682,1.712,-,1.630,2.149,2.717,1.780,2.030,2.070,2.595,,1.704,1.240,1.410,1.335,1.800,1.288,1.440,1.470,1.340,1.850,1.580,1.524,2.500,1.840,2.000,1.330,1.400,1.340,2.080,1.910,-,1.370,1.460,1.430,1.330,1.650,1.360,1.227,1.830,1.720,1.501,1.900,1.270,1.370,1.420,1.305,-,1.430,1.250,1.310,1.360,1.850,1.440,1.310,1.820,,2.569,6.419,5.576,3.066,6.192,6.515,5.309,2.839,5.353,6.992,4.984,4.820,6.671,5.376,3.739,3.013,5.498,4.881,3.617,5.667,4.223,5.696,4.438,5.653,5.312,4.767,3.449,5.338,2.509,4.956,5.844,6.760,5.140,1.770,2.553,5.634,3.560,7.592,5.958,5.015,4.919,5.124,2.110,5.747,7.228,2.607,5.721,5.085,5.616,5.123,1.999,6.516,5.724,3.819,,1.908,2.807,2.217,2.598,3.895,4.500,3.739,2.290,2.010,-,4.210,4.460,4.440,4.104,4.261
"2007",2.567,,6.555,1.702,1.970,2.297,2.523,2.577,1.933,3.086,1.617,1.479,1.763,1.028,2.823,2.505,1.807,4.437,2.900,1.340,3.821,2.470,1.957,1.259,2.399,2.700,3.421,1.930,0.953,2.217,2.254,2.343,2.533,2.865,2.879,4.211,3.359,2.312,3.246,1.290,2.275,3.696,3.595,1.554,5.451,2.213,2.672,2.006,2.554,1.907,5.090,,1.760,1.659,2.299,2.421,2.120,,2.023,2.380,1.760,1.877,1.757,2.893,3.447,1.882,1.898,2.137,1.948,1.586,-,2.586,2.711,2.410,2.301,3.701,2.755,3.660,3.296,2.289,2.689,2.637,2.907,2.662,1.651,-,1.598,2.131,2.687,1.790,2.510,2.048,2.562,,1.671,1.180,1.380,1.429,1.820,1.295,1.490,1.480,1.450,1.840,1.690,1.541,2.600,1.830,1.980,1.370,1.410,1.320,2.090,2.010,-,1.400,1.540,1.420,1.360,1.610,1.350,1.241,1.817,1.720,1.480,1.900,1.310,1.350,1.450,1.416,-,1.380,1.270,1.380,1.380,1.880,1.460,1.345,1.860,,2.649,6.372,5.522,3.047,6.116,6.435,5.266,2.757,5.322,6.901,4.927,4.810,6.649,5.296,3.617,3.037,5.433,4.812,3.561,5.526,4.201,5.668,4.392,5.575,5.241,4.682,3.402,5.246,2.497,4.866,5.751,6.719,5.098,1.740,2.545,5.576,3.579,7.569,5.930,4.893,4.872,5.107,2.240,5.621,7.144,2.610,5.638,5.030,5.584,5.064,2.020,6.429,5.650,3.873,,1.959,2.777,2.183,2.564,3.883,4.500,3.661,2.200,2.180,-,4.156,4.450,4.417,4.059,4.221
"2008",2.555,,6.373,1.712,1.900,2.241,2.449,2.480,1.918,3.018,1.620,1.461,1.816,1.064,2.743,2.499,1.811,4.403,2.960,1.370,3.768,2.680,1.949,1.192,2.347,2.800,3.327,1.925,0.999,2.191,2.245,2.441,2.471,2.751,2.869,4.118,3.294,2.211,3.158,1.280,2.269,3.613,3.594,1.549,5.223,2.189,2.712,1.939,2.637,1.918,4.940,,1.770,1.681,2.247,2.391,2.072,,2.005,2.366,1.759,1.881,1.735,2.816,3.364,1.847,1.895,2.081,1.923,1.602,-,2.556,2.675,2.358,2.282,3.580,2.718,3.579,3.177,2.251,2.657,2.632,2.846,2.633,1.652,-,1.574,2.112,2.659,1.799,2.440,2.030,2.530,,1.654,1.250,1.420,1.488,1.850,1.303,1.560,1.470,1.510,1.890,1.720,1.581,2.600,1.850,2.010,1.380,1.500,1.350,2.150,2.060,-,1.450,1.580,1.430,1.450,1.610,1.430,1.256,1.800,1.770,1.468,1.960,1.390,1.390,1.600,1.502,-,1.400,1.340,1.530,1.450,1.910,1.480,1.458,1.910,,2.728,6.320,5.469,3.034,6.036,6.352,5.219,2.687,5.289,6.803,4.870,4.798,6.621,5.221,3.502,3.085,5.363,4.737,3.496,5.390,4.182,5.640,4.350,5.496,5.174,4.587,3.361,5.154,2.490,4.777,5.632,6.670,5.057,1.670,2.547,5.515,3.601,7.542,5.902,4.767,4.825,5.094,2.330,5.487,7.055,2.611,5.552,4.977,5.542,5.001,2.054,6.333,5.574,3.931,,1.984,2.758,2.151,2.534,3.872,-,3.589,2.200,2.190,-,4.101,4.426,4.403,4.012,4.180
"2009",2.534,,6.180,1.719,1.820,2.197,2.382,2.387,1.921,2.947,1.623,1.443,1.866,1.055,2.661,2.492,1.821,4.374,2.960,1.370,3.706,2.550,1.943,1.149,2.291,2.900,3.234,1.938,1.048,2.169,2.231,2.541,2.412,2.644,2.868,4.031,3.236,2.130,3.066,1.220,2.259,3.514,3.596,1.545,5.004,2.168,2.769,1.877,2.530,1.928,4.801,,1.760,1.668,2.359,2.364,2.002,,1.993,2.355,1.761,1.877,1.711,2.749,3.287,1.818,1.892,2.033,1.903,1.624,-,2.528,2.643,2.310,2.262,3.471,2.684,3.501,3.063,2.212,2.628,2.628,2.787,2.594,1.653,-,1.555,2.092,2.633,1.804,2.370,2.018,2.500,,1.652,1.190,1.390,1.509,1.840,1.311,1.660,1.500,1.510,1.840,1.700,1.564,2.400,1.860,2.000,1.360,1.500,1.320,2.230,2.060,-,1.450,1.460,1.710,1.500,1.590,1.420,1.268,1.780,1.790,1.464,1.980,1.400,1.340,1.660,1.542,-,1.440,1.440,1.530,1.380,1.940,1.500,1.473,1.890,,2.799,6.260,5.416,3.026,5.953,6.267,5.167,2.629,5.254,6.699,4.813,4.784,6.587,5.152,3.397,3.154,5.288,4.656,3.421,5.260,4.164,5.612,4.311,5.417,5.110,4.482,3.328,5.062,2.485,4.689,5.491,6.612,5.019,1.590,2.556,5.454,3.620,7.511,5.872,4.641,4.776,5.081,2.380,5.346,6.961,2.608,5.465,4.926,5.489,4.936,2.095,6.227,5.496,3.988,,1.971,2.750,2.121,2.509,3.859,-,3.522,2.200,2.130,-,4.043,4.388,4.399,3.963,4.140
"2010",2.516,,5.977,1.722,1.920,2.164,2.324,2.301,1.937,2.875,1.627,1.424,1.911,1.127,2.581,2.483,1.839,4.343,3.030,1.390,3.631,2.590,1.938,1.226,2.234,3.100,3.143,1.966,1.093,2.149,2.206,2.637,2.359,2.542,2.873,3.951,3.180,2.070,2.970,1.150,2.248,3.404,3.599,1.542,4.805,2.151,2.833,1.819,2.342,1.938,4.674,,1.760,1.627,2.195,2.340,1.931,,1.988,2.346,1.768,1.865,1.687,2.690,3.213,1.796,1.884,1.992,1.885,1.647,-,2.503,2.615,2.265,2.240,3.375,2.655,3.427,2.957,2.173,2.601,2.622,2.730,2.546,1.624,-,1.538,2.070,2.610,1.806,2.300,2.011,2.471,,1.660,1.270,1.440,1.494,1.860,1.315,1.570,1.460,1.510,1.870,1.720,1.580,2.500,1.870,2.030,1.390,1.480,1.250,2.200,2.050,-,1.460,1.360,1.400,1.500,1.630,1.360,1.275,1.760,1.790,1.468,1.950,1.410,1.390,1.590,1.567,-,1.400,1.430,1.570,1.370,1.980,1.520,1.443,1.920,,2.860,6.194,5.362,3.022,5.867,6.179,5.111,2.581,5.215,6.592,4.754,4.765,6.544,5.088,3.300,3.233,5.209,4.571,3.342,5.136,4.146,5.583,4.273,5.336,5.049,4.369,3.302,4.971,2.478,4.603,5.332,6.547,4.980,1.570,2.567,5.392,3.631,7.473,5.839,4.520,4.727,5.064,2.160,5.202,6.865,2.598,5.376,4.876,5.427,4.868,2.140,6.111,5.415,4.034,,1.928,2.752,2.095,2.488,3.843,-,3.460,2.200,2.170,-,3.985,4.338,4.403,3.913,4.100
"2011",2.499,,5.770,1.724,1.960,2.139,2.273,2.224,1.957,2.804,1.632,1.406,1.950,1.204,2.506,2.471,1.866,4.301,2.980,1.390,3.541,2.590,1.934,1.244,2.182,3.100,3.056,2.002,1.131,2.129,2.171,2.722,2.312,2.444,2.882,3.880,3.121,2.027,2.871,1.200,2.237,3.290,3.603,1.539,4.637,2.137,2.892,1.763,2.236,1.949,4.554,,1.590,1.610,2.117,2.317,1.895,,1.989,2.338,1.779,1.847,1.665,2.638,3.143,1.781,1.870,1.958,1.869,1.668,-,2.481,2.590,2.224,2.217,3.292,2.630,3.356,2.860,2.136,2.575,2.613,2.675,2.493,1.597,-,1.522,2.046,2.587,1.804,2.160,2.008,2.444,,1.673,-,1.430,1.515,1.810,1.315,1.510,1.410,1.430,1.750,1.610,1.562,2.300,1.830,2.010,1.390,1.400,1.230,2.020,2.030,-,1.440,1.330,1.690,1.550,1.520,1.450,1.276,1.741,1.760,1.477,1.880,1.330,1.350,1.470,1.582,-,1.400,1.450,1.560,1.340,1.900,1.520,1.459,1.910,,2.909,6.120,5.305,3.017,5.781,6.088,5.049,2.539,5.172,6.482,4.693,4.742,6.493,5.029,3.213,3.311,5.126,4.486,3.264,5.017,4.129,5.552,4.234,5.256,4.987,4.248,3.282,4.881,2.466,4.520,5.161,6.474,4.939,1.550,2.576,5.329,3.632,7.429,5.802,4.412,4.677,5.039,2.330,5.060,6.765,2.582,5.286,4.824,5.358,4.798,2.182,5.983,5.328,4.059,,1.926,2.761,2.070,2.469,3.822,4.050,3.402,2.150,2.090,-,3.926,4.277,4.413,3.864,4.060
"2012",2.489,,5.562,1.725,2.000,2.118,2.228,2.159,1.973,2.739,1.639,1.390,1.984,1.285,2.439,2.455,1.901,4.243,3.050,1.410,3.436,2.620,1.931,1.297,2.139,3.200,2.977,2.038,1.161,2.110,2.129,2.794,2.274,2.351,2.896,3.816,3.055,1.997,2.773,1.290,2.227,3.181,3.608,1.538,4.497,2.126,2.936,1.708,2.193,1.962,4.439,,1.590,1.614,2.019,2.294,1.881,,1.993,2.330,1.795,1.828,1.645,2.588,3.076,1.771,1.849,1.930,1.853,1.683,-,2.460,2.567,2.187,2.194,3.219,2.606,3.288,2.774,2.102,2.550,2.601,2.625,2.441,1.543,-,1.508,2.021,2.565,1.799,2.060,2.006,2.417,,1.684,-,1.440,1.620,1.800,1.313,1.500,1.520,1.450,1.730,1.560,1.554,2.600,1.800,2.010,1.410,1.340,1.340,2.040,1.980,-,1.430,1.440,1.510,1.600,1.570,1.420,1.273,1.728,1.720,1.488,1.850,1.330,1.280,1.520,1.691,1.260,1.450,1.340,1.580,1.320,1.910,1.520,1.531,1.920,,2.952,6.039,5.246,3.011,5.693,5.994,4.984,2.500,5.123,6.372,4.628,4.712,6.432,4.974,3.131,3.377,5.040,4.407,3.195,4.901,4.113,5.518,4.192,5.175,4.923,4.123,3.265,4.793,2.447,4.442,4.988,6.396,4.895,1.540,2.579,5.264,3.623,7.376,5.758,4.322,4.627,5.005,2.370,4.923,6.664,2.561,5.197,4.771,5.287,4.727,2.216,5.845,5.233,4.058,,1.920,2.773,2.048,2.450,3.796,-,3.347,2.280,2.100,2.230,3.869,4.212,4.428,3.815,4.019
"2013",2.473,,5.359,1.728,1.980,2.098,2.188,2.107,1.978,2.682,1.647,1.376,2.012,1.125,2.381,2.436,1.945,4.168,3.030,1.430,3.319,2.640,1.929,1.187,2.109,3.100,2.907,2.069,1.183,2.092,2.084,2.852,2.242,2.261,2.913,3.759,2.979,1.972,2.678,1.190,2.220,3.085,3.615,1.538,4.383,2.117,2.958,1.651,2.350,1.978,4.326,,1.630,1.587,2.077,2.270,1.858,,1.998,2.322,1.813,1.810,1.630,2.539,3.010,1.764,1.821,1.905,1.838,1.689,-,2.441,2.544,2.154,2.171,3.151,2.582,3.223,2.699,2.072,2.526,2.584,2.581,2.394,1.470,-,1.496,1.998,2.543,1.790,2.080,2.004,2.390,,1.690,-,1.440,1.668,1.760,1.309,1.480,1.460,1.460,1.670,1.520,1.530,2.500,1.750,1.990,1.420,1.290,1.350,1.930,1.930,-,1.390,1.520,1.450,1.590,1.550,1.360,1.270,1.720,1.680,1.497,1.780,1.290,1.210,1.460,1.707,-,1.430,1.340,1.550,1.270,1.890,1.520,1.506,1.830,,2.990,5.953,5.183,3.002,5.606,5.897,4.916,2.463,5.068,6.262,4.561,4.676,6.363,4.920,3.054,3.421,4.952,4.335,3.139,4.787,4.098,5.480,4.146,5.094,4.855,3.999,3.250,4.706,2.423,4.369,4.821,6.315,4.847,1.440,2.571,5.198,3.604,7.314,5.709,4.251,4.577,4.960,2.260,4.793,6.563,2.537,5.108,4.715,5.215,4.656,2.240,5.699,5.132,4.030,,1.855,2.786,2.027,2.429,3.765,-,3.294,2.190,2.010,-,3.812,4.147,4.443,3.768,3.979
"2014",2.466,,5.163,1.732,1.970,2.078,2.152,2.067,1.969,2.633,1.656,1.364,2.034,1.235,2.333,2.413,1.993,4.076,3.080,1.420,3.196,2.730,1.926,1.205,2.090,3.200,2.847,2.091,1.196,2.074,2.038,2.894,2.217,2.176,2.930,3.708,2.894,1.950,2.589,1.250,2.216,3.005,3.621,1.538,4.292,2.109,2.956,1.595,2.457,1.996,4.214,,1.630,1.582,2.037,2.243,1.863,,2.001,2.312,1.834,1.794,1.620,2.489,2.947,1.758,1.787,1.883,1.823,1.686,-,2.423,2.522,2.126,2.148,3.088,2.558,3.159,2.635,2.047,2.503,2.564,2.542,2.355,1.432,-,1.485,1.975,2.519,1.780,2.090,2.002,2.365,,1.688,-,1.460,1.696,1.740,1.303,1.530,1.460,1.530,1.690,1.540,1.551,2.600,1.710,2.000,1.470,1.300,1.440,1.930,1.890,-,1.370,1.650,1.590,1.630,1.500,1.380,1.265,1.719,1.710,1.504,1.750,1.320,1.230,1.560,1.750,-,1.460,1.370,1.580,1.320,1.880,1.540,1.498,1.810,,3.022,5.864,5.116,2.988,5.521,5.797,4.847,2.425,5.007,6.154,4.491,4.634,6.287,4.867,2.981,3.441,4.863,4.273,3.097,4.675,4.083,5.437,4.095,5.013,4.783,3.879,3.235,4.621,2.392,4.302,4.666,6.231,4.794,1.430,2.552,5.131,3.577,7.245,5.653,4.197,4.527,4.905,2.250,4.672,6.462,2.511,5.022,4.656,5.146,4.585,2.252,5.547,5.026,3.974,,1.826,2.795,2.008,2.406,3.730,-,3.243,2.170,1.920,-,3.758,4.086,4.455,3.722,3.939
"2015",2.456,,4.976,1.738,1.940,2.056,2.120,2.037,1.947,2.593,1.665,1.354,2.050,1.196,2.295,2.389,2.041,3.972,3.090,1.450,3.071,2.740,1.922,1.239,2.083,3.200,2.796,2.103,1.203,2.056,1.991,2.918,2.198,2.098,2.939,3.660,2.805,1.929,2.507,1.240,2.213,2.940,3.623,1.538,4.219,2.101,2.930,1.541,2.491,2.014,4.103,,1.620,1.563,2.010,2.215,1.844,,2.003,2.301,1.854,1.782,1.614,2.439,2.886,1.753,1.750,1.863,1.806,1.674,-,2.405,2.499,2.101,2.126,3.029,2.534,3.098,2.581,2.026,2.480,2.540,2.508,2.323,1.337,-,1.473,1.953,2.494,1.767,2.110,1.997,2.340,,1.677,-,1.490,1.724,1.700,1.296,1.530,1.410,1.570,1.710,1.580,1.550,2.400,1.650,1.960,1.500,1.330,1.450,1.800,1.850,-,1.350,1.700,1.400,1.700,1.470,1.370,1.261,1.723,1.660,1.507,1.720,1.320,1.310,1.620,1.777,-,1.460,1.400,1.570,1.330,1.850,1.540,1.506,1.800,,3.043,5.774,5.047,2.968,5.436,5.697,4.777,2.385,4.941,6.049,4.419,4.587,6.203,4.813,2.912,3.436,4.774,4.217,3.065,4.565,4.064,5.390,4.041,4.933,4.708,3.765,3.218,4.540,2.356,4.241,4.527,6.145,4.738,1.360,2.524,5.062,3.540,7.169,5.592,4.157,4.477,4.841,2.310,4.561,6.363,2.484,4.937,4.594,5.079,4.516,2.251,5.394,4.918,3.896,,1.814,2.800,1.990,2.383,3.692,-,3.193,2.060,1.990,2.210,3.707,4.029,4.459,3.678,3.898
"2016",2.446,,4.800,1.744,1.900,2.033,2.090,2.014,1.915,2.559,1.675,1.345,2.059,1.205,2.266,2.362,2.083,3.864,3.110,1.440,2.954,2.770,1.917,1.172,2.082,3.100,2.751,2.104,1.207,2.037,1.947,2.923,2.182,2.027,2.937,3.612,2.718,1.907,2.435,1.200,2.211,2.889,3.618,1.537,4.156,2.092,2.887,1.491,2.455,2.030,3.994,,1.610,1.543,2.000,2.186,1.821,,2.003,2.288,1.872,1.771,1.613,2.391,2.829,1.747,1.713,1.843,1.789,1.656,-,2.387,2.475,2.079,2.104,2.973,2.509,3.041,2.536,2.009,2.455,2.514,2.479,2.297,1.243,-,1.461,1.931,2.469,1.753,2.090,1.991,2.317,,1.659,-,1.530,1.733,1.680,1.286,1.540,1.430,1.630,1.790,1.600,1.569,2.600,1.570,1.920,1.600,1.380,1.530,1.740,1.810,-,1.340,1.740,1.610,1.690,1.410,1.370,1.259,1.730,1.660,1.506,1.710,1.390,1.360,1.690,1.762,-,1.460,1.480,1.580,1.340,1.850,1.540,1.466,1.790,,3.052,5.686,4.977,2.942,5.353,5.599,4.708,2.346,4.870,5.947,4.347,4.536,6.112,4.759,2.846,3.410,4.686,4.164,3.041,4.456,4.039,5.338,3.984,4.854,4.631,3.663,3.197,4.461,2.317,4.184,4.407,6.057,4.679,1.400,2.489,4.992,3.496,7.087,5.526,4.123,4.426,4.770,2.390,4.457,6.265,2.457,4.855,4.532,5.015,4.449,2.238,5.242,4.814,3.804,,1.752,2.797,1.973,2.358,3.651,-,3.145,2.080,1.870,-,3.657,3.976,4.452,3.636,3.859
"2017",2.428,,4.633,1.750,1.750,2.010,2.062,1.994,1.881,2.530,1.683,1.337,2.062,1.125,2.243,2.336,2.116,3.762,3.110,1.430,2.849,2.750,1.911,1.052,2.083,3.000,2.709,2.097,1.211,2.019,1.906,2.914,2.168,1.967,2.920,3.562,2.640,1.886,2.373,1.160,2.206,2.847,3.606,1.532,4.093,2.081,2.836,1.448,2.419,2.042,3.890,,1.600,1.496,2.090,2.157,1.766,,1.999,2.275,1.886,1.762,1.615,2.346,2.777,1.739,1.678,1.825,1.772,1.637,-,2.367,2.451,2.059,2.083,2.920,2.485,2.986,2.496,1.993,2.430,2.487,2.453,2.275,1.101,-,1.448,1.911,2.443,1.739,2.080,1.983,2.294,,1.638,-,1.520,1.541,1.650,1.276,1.560,1.420,1.690,1.750,1.590,1.546,2.500,1.490,1.900,1.570,1.350,1.540,1.710,1.770,-,1.320,1.690,1.440,1.630,1.390,1.260,1.259,1.738,1.620,1.501,1.620,1.480,1.380,1.710,1.621,-,1.490,1.520,1.620,1.310,1.780,1.520,1.374,1.740,,3.045,5.600,4.906,2.910,5.271,5.502,4.639,2.309,4.796,5.846,4.275,4.482,6.017,4.704,2.785,3.370,4.599,4.112,3.018,4.350,4.008,5.281,3.926,4.777,4.553,3.572,3.171,4.387,2.277,4.130,4.302,5.968,4.619,1.440,2.451,4.922,3.447,7.001,5.457,4.088,4.374,4.697,2.410,4.359,6.168,2.430,4.775,4.469,4.953,4.384,2.219,5.095,4.718,3.707,,1.741,2.788,1.956,2.334,3.610,-,3.098,1.970,1.810,-,3.610,3.926,4.434,3.595,3.820
"2018",2.416,,4.473,1.755,1.730,1.987,2.036,1.975,1.848,2.503,1.690,1.329,2.060,1.072,2.222,2.311,2.137,3.672,3.090,1.420,2.761,2.840,1.904,0.977,2.082,3.300,2.667,2.087,1.217,2.001,1.870,2.895,2.154,1.917,2.888,3.510,2.576,1.866,2.319,1.140,2.199,2.808,3.585,1.525,4.023,2.069,2.786,1.413,2.604,2.049,3.792,,1.600,1.499,2.000,2.129,1.730,,1.994,2.261,1.896,1.752,1.619,2.307,2.730,1.730,1.649,1.807,1.754,1.618,-,2.346,2.427,2.039,2.063,2.870,2.462,2.935,2.460,1.979,2.404,2.461,2.429,2.254,1.035,-,1.436,1.891,2.418,1.725,2.060,1.973,2.272,,1.617,-,1.470,1.448,1.620,1.265,1.560,1.470,1.710,1.730,1.670,1.526,2.500,1.410,1.880,1.570,1.350,1.550,1.710,1.750,-,1.290,1.600,1.580,1.630,1.380,1.230,1.262,1.745,1.590,1.496,1.560,1.460,1.420,1.760,1.579,-,1.490,1.540,1.610,1.260,1.760,1.520,1.301,1.680,,3.023,5.519,4.836,2.874,5.189,5.410,4.572,2.274,4.721,5.747,4.205,4.428,5.919,4.649,2.728,3.326,4.513,4.056,2.990,4.247,3.969,5.219,3.870,4.700,4.476,3.492,3.141,4.315,2.240,4.077,4.209,5.877,4.561,1.410,2.415,4.852,3.396,6.913,5.387,4.044,4.321,4.625,2.410,4.263,6.072,2.405,4.696,4.407,4.892,4.320,2.197,4.955,4.633,3.615,,1.740,2.774,1.941,2.313,3.569,-,3.053,1.970,1.710,-,3.564,3.877,4.403,3.556,3.782
"2019",2.403,,4.321,1.758,1.800,1.964,2.011,1.954,1.819,2.478,1.696,1.321,2.055,1.051,2.202,2.288,2.146,3.597,3.010,1.360,2.691,2.900,1.896,0.918,2.077,3.300,2.626,2.075,1.228,1.983,1.840,2.867,2.138,1.876,2.842,3.454,2.526,1.846,2.275,1.140,2.188,2.771,3.556,1.514,3.943,2.055,2.740,1.387,2.785,2.050,3.700,,1.590,1.468,2.080,2.103,1.705,,1.987,2.247,1.901,1.743,1.623,2.274,2.688,1.719,1.627,1.789,1.737,1.602,-,2.323,2.403,2.021,2.042,2.822,2.440,2.887,2.427,1.965,2.377,2.437,2.405,2.233,1.035,-,1.424,1.872,2.394,1.711,2.050,1.963,2.250,,1.597,-,1.460,1.382,1.570,1.254,1.580,1.470,1.710,1.700,1.660,1.507,2.400,1.350,1.870,1.540,1.350,1.490,1.750,1.700,-,1.270,1.610,1.470,1.610,1.340,1.100,1.269,1.748,1.570,1.489,1.530,1.420,1.420,1.760,1.504,-,1.520,1.560,1.610,1.240,1.700,1.480,1.228,1.650,,2.988,5.442,4.767,2.836,5.109,5.321,4.506,2.242,4.645,5.649,4.138,4.374,5.819,4.593,2.676,3.280,4.429,3.997,2.958,4.146,3.922,5.154,3.816,4.625,4.402,3.423,3.108,4.247,2.206,4.026,4.127,5.785,4.503,1.400,2.382,4.783,3.344,6.824,5.317,3.990,4.267,4.556,2.340,4.169,5.978,2.381,4.619,4.347,4.832,4.259,2.174,4.824,4.559,3.531,,1.657,2.754,1.927,2.293,3.530,-,3.010,1.940,1.720,-,3.520,3.830,4.361,3.518,3.744
