Period,Afghanistan,Albania,Algeria,American Samoa,Andorra,Angola,Antigua & Barbuda,Argentina,Armenia,Aruba,Australia,Austria,Azerbaijan,Bahamas,Bahrain,Bangladesh,Barbados,Belarus,Belgium,Belize,Benin,Bermuda,Bhutan,Bolivia,Bos.-Herze.,Botswana,Brazil,Brunei Darussalam,Bulgaria,Burkina Faso,Burundi,Cambodia,Cameroon,Canada,Cape Verde,Cayman Islands,Central African Rep.,Chad,Channel Islands,Chile,China,Hong Kong,Colombia,Comoros,Congo Dem. Rep. of,Congo,Costa Rica,C?te d'Ivoire,Croatia,Cuba,Cyprus,Czechia,Denmark,Djibouti,Dominica,Dominican Rep.,Ecuador,Egypt,El Salvador,Equatorial Guinea,Eritrea,Estonia,Ethiopia,Faeroe Islands,Fiji,Finland,France,French Polynesia,Gabon,Gambia The,Georgia,Germany,Ghana,Greece,Greenland,Grenada,Guam,Guatemala,Guinea,Guinea-Bissau,Guyana,Haiti,Honduras,Hungary,Iceland,India,Indonesia,Iran,Iraq,Ireland,Israel,Italy,Jamaica,Japan,Jordan,Kazakhstan,Kenya,Kiribati,Korea D. P. Rep.,Korea ,Kuwait,Kyrgyzstan,Lao P.D.Rep.,Latvia,Lebanon,Lesotho,Liberia,Libya,Liechtenstein,Lithuania,Luxembourg,Macao,North Macedonia,Madagascar,Malawi,Malaysia,Maldives,Mali,Malta,Marshall Islands,Mauritania,Mauritius,Mexico,Micronesia Fed.,Moldova Rep. of,Monaco,Mongolia,Morocco,Mozambique,Myanmar,Namibia,Nepal,Netherlands,New Caledonia,New Zealand,Nicaragua,Niger,Nigeria,Northern Mari Isl.,Norway,Oman,Pakistan,Palau,Panama,P. N. G.,Paraguay,Peru,Philippines,Poland,Portugal,Puerto Rico,Qatar,Romania,Russian Federation,Rwanda,Samoa,San Marino,Sao T. & P.,Saudi Arabia,Senegal,Seychelles,Sierra Leone,Singapore,Slovakia,Slovenia,Solomon Islands,Somalia,South Africa,Spain,Sri Lanka,St. Kitts-Nevis,St. Lucia,St. V. & G.,Sudan,Suriname,Eswatini,Sweden,Switzerland,Syrian Arab Rep.,Tajikistan,Tanzania,Thailand,Timor-Leste,Togo,Tonga,Trinidad & Tobago,Tunisia,Turkey,Turkmenistan,Uganda,Ukraine,U. A. E.,United Kingdom,United States,Uruguay,Uzbekistan,Vanuatu,Venezuela,Viet Nam,Yemen,Zambia,Zimbabwe,Gibraltar,Isle of Man,Kosovo,Montenegro,Serbia,T. &. C. Islands,Tuvalu,U. S. Virgin Islands,World
1961,1.899,3.121,2.487,2.347,6.97,1.393,1.6,1.625,3.532,2.236,1.99,0.548,3.405,4.975,3.312,2.772,0.317,0.889,0.332,2.819,1.399,2.447,2.462,1.95,1.932,1.961,2.911,4.608,0.958,1.343,1.93,2.598,2.067,2.001,1.745,1.938,1.611,1.939,0.891,2.079,-1.016,2.963,3.127,1.571,2.522,2.413,3.717,3.588,0.653,2.078,0.604,-0.16,0.698,5.659,1.679,3.345,2.832,2.716,2.861,1.341,2.522,1.111,2.32,1.291,3.438,0.706,1.319,3.307,0.968,2.003,1.578,0.77,3.161,0.793,3.626,1.542,1.976,2.936,1.644,1.068,3.008,1.941,2.794,0.453,1.949,1.998,2.64,2.584,2.514,-0.149,3.302,0.668,1.375,0.896,4.288,4.091,3.123,2.488,2.091,2.967,11.091,3.776,2.305,1.484,3.253,1.849,2.092,3.371,2.354,1.607,0.912,1.579,1.267,2.406,2.37,3.156,2.695,1.106,-0.399,2.57,2.921,3.195,3.113,3.16,2.37,1.555,2.753,3.052,2.165,2.16,2.359,1.592,1.315,2.747,1.999,3.144,2.838,2.029,2.601,0.794,2.356,2.365,2.796,2.967,1.81,2.621,2.831,3.337,1.096,0.805,1.754,8.19,0.803,1.111,2.115,3.158,2.532,0.47,3.187,2.723,2.811,1.487,3.345,2.992,0.592,2.958,2.088,2.453,0.929,2.373,-0.006,1.131,1.469,2.938,2.756,1.991,0.471,1.979,3.193,3.395,2.888,2.974,1.737,1.071,3.427,1.967,1.424,2.426,3.38,3.153,1.262,8.684,0.76,1.658,1.293,3.314,3.109,3.588,3.003,1.451,3.001,3.342,1.643,-0.327,1.986,2.174,0.709,0.718,0.169,5.391,1.301
1962,1.966,3.057,2.47,3.063,6.73,1.383,1.523,1.6,3.444,1.433,2.441,0.613,3.441,5.058,3.074,2.776,0.39,0.971,0.398,2.803,1.491,2.389,2.461,1.966,1.946,2.14,2.921,4.484,0.875,1.334,1.906,2.613,2.129,1.86,2.32,1.448,1.68,1.969,0.961,2.063,0.82,4.236,3.12,1.56,2.547,2.473,3.707,3.762,0.703,2.202,0.224,0.396,0.778,6.242,1.532,3.313,2.848,2.69,2.928,1.318,2.595,1.342,2.398,1.266,3.482,0.68,1.397,3.586,1.08,1.981,1.519,0.879,3.214,0.596,3.785,1.259,2.237,2.936,1.657,0.978,2.846,1.94,2.787,0.323,1.853,2.032,2.65,2.595,2.626,0.412,4.825,0.677,1.529,0.929,3.695,3.862,3.164,2.453,1.752,2.859,11.539,3.378,2.313,1.334,3.203,1.886,2.109,3.46,2.375,1.4,1.225,3.302,1.283,2.438,2.407,3.209,2.75,1.104,-0.416,3.209,2.938,2.837,3.106,3.072,2.24,1.003,2.924,2.979,2.225,2.165,2.411,1.603,1.424,2.673,2.542,3.102,2.881,2.076,1.886,0.803,2.437,2.431,2.778,2.982,1.867,2.632,2.858,3.318,1.143,0.722,2.087,8.993,0.652,1.111,1.805,3.209,2.611,-0.184,3.355,2.74,2.653,1.535,2.769,1.104,0.595,2.967,2.113,2.486,0.92,2.351,-0.46,1.286,1.295,2.975,2.661,1.964,0.552,2.535,3.2,3.523,2.908,2.99,1.79,0.949,3.866,1.677,1.576,2.408,3.382,3.268,1.256,10.635,0.849,1.538,1.244,3.347,3.136,3.533,2.977,1.484,2.998,3.378,2.074,0.279,2.857,2.298,0.614,0.289,0.187,2.02,1.724
1963,2.03,2.954,2.49,3.619,6.471,1.256,1.514,1.575,3.331,0.824,1.918,0.642,3.387,5.031,2.848,2.817,0.433,1.016,0.748,2.807,1.584,2.333,2.516,1.984,1.901,2.249,2.909,4.433,0.81,1.351,1.945,2.541,2.187,1.863,2.79,0.954,1.754,1.978,1.006,2.026,2.458,3.441,3.094,1.594,2.588,2.53,3.645,3.847,0.688,2.252,0.038,0.477,0.788,6.588,1.504,3.271,2.865,2.665,2.959,1.434,2.64,1.378,2.455,1.242,3.411,0.707,1.405,3.748,1.222,2.019,1.473,0.926,3.175,0.371,3.922,0.998,2.391,2.922,1.679,0.97,2.652,1.936,2.793,0.26,1.78,2.057,2.663,2.605,2.759,0.584,3.682,0.73,1.607,1.013,3.84,3.57,3.204,2.417,1.619,2.785,11.578,3.383,2.324,1.336,3.054,1.929,2.132,3.569,2.421,1.236,1.039,4.471,1.323,2.469,2.441,3.187,2.742,1.113,-0.418,3.563,2.956,2.609,3.104,3.085,2.08,0.528,3.025,2.887,2.267,2.181,2.453,1.63,1.348,2.72,1.987,3.069,2.905,2.111,1.455,0.756,2.503,2.487,2.269,2.986,1.929,2.639,2.869,3.277,1.323,0.404,2.188,9.253,0.647,1.111,1.704,3.216,2.515,-0.374,3.463,2.762,2.542,1.583,2.528,1.029,0.827,2.992,2.143,2.514,0.877,2.342,-0.851,1.428,1.148,3.011,2.615,2.014,0.564,2.138,3.213,3.587,2.926,3.001,1.83,1.171,4.057,1.413,1.718,2.394,3.35,3.35,1.219,10.985,0.748,1.439,1.193,3.401,3.124,3.483,2.948,1.507,3.005,3.396,2.366,0.78,2.778,2.136,0.536,-0.238,0.019,12.852,2.083
1964,2.09,2.881,2.56,3.659,6.255,0.974,1.644,1.549,3.194,0.58,1.962,0.667,3.228,4.878,2.629,2.907,0.408,1.026,0.946,2.858,1.681,2.485,2.639,2.005,1.781,2.248,2.868,4.473,0.816,1.404,2.066,2.363,2.239,1.886,3.126,0.969,1.835,1.958,1.048,1.963,2.321,2.417,3.046,1.678,2.65,2.585,3.528,3.825,0.642,2.205,0.123,0.589,0.799,6.692,1.583,3.219,2.885,2.644,2.948,1.719,2.655,1.438,2.484,1.227,3.211,0.556,1.325,3.713,1.404,2.138,1.41,0.805,3.027,0.363,3.244,0.76,2.436,2.893,1.71,1.067,2.421,1.931,2.817,0.316,1.778,2.072,2.681,2.616,2.914,0.486,3.956,0.823,1.577,1.04,4.85,3.213,3.242,2.34,1.782,2.615,11.261,3.325,2.338,1.335,2.793,1.977,2.167,3.705,2.485,1.243,1.12,4.93,1.392,2.499,2.472,3.073,2.668,1.135,-0.404,3.651,2.976,2.408,3.108,3.262,1.966,0.306,3.036,2.775,2.287,2.215,2.487,1.677,1.338,2.762,2.095,3.048,2.903,2.13,1.769,0.755,2.56,2.531,2.116,2.977,2.003,2.645,2.861,3.209,1.382,0.055,1.959,9.042,0.643,1.111,1.877,3.124,2.559,0.064,3.498,2.792,2.505,1.627,2.563,1.053,0.932,3.003,2.179,2.536,0.994,2.354,-1.197,1.515,1.083,3.047,2.633,2.171,0.747,1.654,3.238,3.569,2.942,3.005,1.857,1.841,3.936,1.189,1.833,2.385,3.283,3.392,1.141,9.826,0.65,1.389,1.142,3.48,3.058,3.436,2.921,1.515,3.023,3.391,2.339,1.214,2.703,1.612,0.489,-0.324,0.243,2.482,2.053
1965,2.148,2.754,2.658,3.547,5.978,0.618,1.819,1.524,3.045,0.574,1.96,0.65,3.004,4.644,2.454,3.012,0.352,1.001,0.908,2.917,1.778,2.424,2.808,2.029,1.615,2.189,2.808,4.567,0.732,1.479,2.225,2.121,2.286,1.81,3.297,0.852,1.914,1.924,1.06,1.884,2.381,2.627,2.982,1.784,2.72,2.634,3.377,3.747,0.657,2.094,0.404,0.529,0.779,6.647,1.742,3.161,2.905,2.624,2.908,2.077,2.651,1.359,2.496,1.185,2.936,0.333,1.186,3.607,1.6,2.308,1.317,0.853,2.817,0.468,4.167,0.543,2.409,2.85,1.746,1.235,2.176,1.923,2.852,0.277,1.733,2.08,2.699,2.627,3.075,0.374,3.494,0.842,1.478,1.077,6.259,2.827,3.279,2.259,2.135,2.542,10.755,3.078,2.355,1.123,2.475,2.032,2.209,3.851,2.565,1.227,1.138,4.874,1.474,2.529,2.5,2.905,2.497,1.17,-0.766,3.366,2.997,2.232,3.114,3.404,1.822,0.228,2.989,2.653,2.291,2.258,2.514,1.737,1.373,2.688,1.65,3.038,2.885,2.14,2.229,0.777,2.612,2.567,1.954,2.96,2.082,2.647,2.841,3.126,0.976,-0.408,1.551,8.602,0.593,1.111,2.228,2.963,2.352,0.938,3.494,2.826,2.511,1.671,2.43,1.003,1.039,3.004,2.218,2.552,1.086,2.376,-1.451,1.574,1.043,3.081,2.672,2.383,0.942,1.155,3.269,3.497,2.958,3.003,1.873,2.763,3.565,1.006,1.928,2.381,3.196,3.4,1.038,8.206,0.642,1.25,1.088,3.562,2.94,3.391,2.891,1.515,3.05,3.374,2.332,1.505,2.632,0.873,0.428,-0.634,0.633,6.408,2.055
1966,2.171,2.635,2.764,3.315,5.784,0.186,2.045,1.498,2.885,0.6,2.283,0.701,2.769,4.414,2.296,3.15,0.284,1,0.675,2.996,1.874,1.78,2.975,2.05,1.432,2.113,2.748,4.66,0.655,1.562,2.43,1.806,2.334,1.863,3.511,0.88,2.011,1.874,1.073,1.8,2.787,0.885,2.918,1.933,2.794,2.681,3.227,3.644,0.693,1.958,0.744,0.425,0.803,6.645,1.913,3.098,2.921,2.609,2.853,2.576,2.638,1.078,2.477,1.187,2.646,0.375,1.023,3.447,1.814,2.491,1.143,0.835,2.576,0.738,3.263,0.319,2.355,2.804,1.786,1.406,1.922,1.921,2.89,0.302,1.693,2.083,2.714,2.648,3.235,0.399,2.543,0.777,1.358,0.914,7.662,2.425,3.316,2.131,2.498,2.514,10.286,3.137,2.348,0.761,2.092,2.091,2.252,3.98,2.741,1.224,0.72,4.787,1.58,2.556,2.531,2.729,2.328,1.203,-1.136,3.144,3.016,2.078,3.115,3.699,1.685,0.056,2.923,2.534,2.296,2.301,2.519,1.803,1.305,3.261,1.791,3.028,2.867,2.151,2.844,0.798,2.684,2.602,1.56,2.936,2.159,2.654,2.815,3.04,0.748,-0.754,1.188,8.108,0.962,0.569,2.627,2.807,2.32,1.966,3.484,2.851,2.493,1.714,2.486,0.926,1.25,3.009,2.421,2.564,1.024,2.4,-1.759,1.633,1.039,3.117,2.763,2.612,0.952,1.045,3.297,3.419,2.969,2.992,1.84,3.756,3.211,0.817,2.025,2.375,3.098,3.414,0.925,6.537,0.551,1.155,1.046,3.655,2.82,3.351,2.862,1.533,3.075,3.347,2.095,1.791,2.564,0.017,0.689,-0.535,0.869,6.022,2.109
1967,2.188,2.63,2.845,3.066,5.515,-0.119,2.192,1.478,2.734,0.591,1.262,0.747,2.558,4.174,2.205,3.23,0.244,1.02,0.557,3.026,1.962,1.942,3.115,2.069,1.276,2.101,2.693,4.709,0.63,1.635,2.576,1.521,2.383,1.799,3.648,0.873,2.087,1.84,1.061,1.725,2.571,2.527,2.852,2.07,2.851,2.723,3.092,3.595,0.647,1.842,1.018,0.324,0.788,6.711,2.07,3.036,2.931,2.588,2.797,2.879,2.631,0.788,2.462,1.126,2.4,0.542,0.881,3.326,1.993,2.647,0.981,0.457,2.381,0.814,3.398,0.08,2.324,2.745,1.814,1.543,1.693,1.916,2.922,0.372,1.613,2.091,2.719,2.67,3.367,0.471,4.318,0.724,1.273,1.035,8.465,2.065,3.354,2.033,2.743,2.335,9.822,3.012,2.339,0.785,1.768,2.151,2.296,4.084,2.718,1.201,0.329,4.686,1.664,2.584,2.562,2.584,2.213,1.24,-1.165,3.032,3.029,1.946,3.107,3.83,1.554,-0.043,2.873,2.428,2.305,2.334,2.528,1.866,1.133,3.158,1.785,3.018,2.854,2.171,3.313,0.837,2.782,2.635,1.342,2.91,2.225,2.657,2.792,2.968,0.962,-0.634,0.785,7.766,1.645,0.57,2.943,2.65,2.153,2.782,3.522,2.868,2.458,1.757,2.209,0.851,1.168,3.021,2.643,2.574,1.231,2.405,-2.012,1.673,0.998,3.153,2.776,2.81,0.767,1.239,3.32,3.352,2.982,2.974,1.793,4.488,2.901,0.652,2.122,2.369,3.008,3.414,0.825,5.939,0.539,1.089,0.995,3.705,2.728,3.309,2.822,1.563,3.1,3.329,2.011,2.067,2.588,-0.691,0.568,-0.294,1.371,6.088,2.05
1968,2.254,2.843,2.885,2.91,5.282,-0.043,2.073,1.476,2.616,0.572,1.764,0.519,2.374,3.873,2.315,3.142,0.245,1.007,0.393,2.936,2.037,1.905,3.203,2.089,1.17,2.176,2.636,4.734,0.712,1.689,2.541,1.393,2.432,1.613,3.434,1.399,2.079,1.862,1.064,1.669,2.611,2.124,2.765,2.142,2.871,2.767,2.959,3.651,0.619,1.765,1.209,0.238,0.609,6.665,1.971,2.974,2.932,2.542,2.744,2.581,2.636,0.926,2.496,1.123,2.223,0.449,0.784,3.285,2.091,2.767,0.907,0.445,2.297,0.651,3.517,-0.087,2.27,2.672,1.811,1.658,1.51,1.891,2.945,0.383,1.368,2.113,2.716,2.68,3.442,0.45,2.091,0.632,1.243,1.127,8.422,1.806,3.401,1.946,2.887,2.32,9.22,2.945,2.371,0.969,1.644,2.2,2.347,4.172,2.75,1.125,0.255,4.201,1.655,2.615,2.586,2.474,2.219,1.3,-1.178,3.122,3.031,1.832,3.094,3.624,1.429,0.013,2.85,2.335,2.31,2.354,2.586,1.923,1.039,3.061,0.877,3.018,2.839,2.199,3.454,0.841,2.908,2.661,1.15,2.889,2.277,2.633,2.776,2.916,0.957,-0.428,0.618,7.701,1.35,0.569,3.135,2.432,1.942,3.209,3.642,2.893,2.421,1.802,1.725,0.773,0.885,3.095,2.596,2.589,1.308,2.373,-2.109,1.655,1.002,3.185,2.521,2.933,0.562,1.259,3.343,3.277,3.01,2.954,1.822,4.753,2.551,0.599,2.184,2.369,2.94,3.343,0.754,7.297,0.487,0.998,0.893,3.653,2.699,3.253,2.758,1.578,3.136,3.335,1.899,2.154,2.437,-1.022,0.507,-0.347,1.584,12.612,2.056
1969,2.385,2.896,2.872,2.726,5.195,0.548,1.634,1.497,2.541,0.61,2.093,0.345,2.227,3.479,2.648,2.85,0.304,0.962,0.283,2.723,2.094,1.869,3.232,2.112,1.137,2.376,2.577,4.721,0.769,1.717,2.281,1.476,2.48,1.36,2.807,2.232,1.968,1.953,1.047,1.639,2.74,1.597,2.655,2.131,2.846,2.812,2.832,3.837,0.591,1.742,1.266,0.205,0.553,6.496,1.695,2.913,2.924,2.467,2.698,1.519,2.659,1.049,2.595,1.119,2.134,-0.058,0.752,3.317,2.078,2.841,0.936,0.793,2.354,0.365,3.398,-0.217,2.253,2.59,1.767,1.745,1.389,1.842,2.955,0.418,0.929,2.154,2.701,2.673,3.448,0.585,2.606,0.566,1.294,1.189,7.526,1.676,3.457,1.833,2.899,2.263,8.487,2.678,2.457,0.838,1.779,2.235,2.409,4.243,2.58,0.92,0.49,3.307,1.528,2.65,2.604,2.412,2.417,1.384,-1.176,3.375,3.026,1.737,3.077,2.97,1.409,0.227,2.867,2.258,2.313,2.358,2.699,1.969,1.158,4.423,0.895,3.03,2.821,2.238,3.578,0.815,3.062,2.678,1.361,2.872,2.313,2.58,2.767,2.891,0.782,-0.897,0.826,7.912,1.052,0.569,3.162,2.166,1.658,3.143,3.861,2.927,2.379,1.849,1.505,0.771,0.546,3.245,2.209,2.611,0.985,2.297,-1.893,1.543,1.012,3.211,1.951,2.964,0.703,1.125,3.366,3.196,3.057,2.933,1.949,4.479,2.178,0.684,2.208,2.374,2.902,3.191,0.725,10.631,0.416,0.977,0.728,3.482,2.772,3.182,2.667,1.573,3.186,3.371,1.69,2.092,2.379,-0.803,0.433,0.33,1.296,7.935,2.088
1970,2.537,2.551,2.827,2.457,5.165,1.483,0.988,1.532,2.491,0.57,1.97,0.349,2.109,3.064,3.139,2.447,0.391,0.886,0.099,2.415,2.141,1.835,3.22,2.136,1.152,2.65,2.52,4.689,0.655,1.729,1.891,1.671,2.527,1.398,1.944,3.449,1.799,2.086,1.016,1.626,2.762,2.431,2.535,2.078,2.793,2.857,2.716,4.093,0.472,1.75,1.229,-0.39,0.751,6.316,1.231,2.854,2.909,2.377,2.655,-0.005,2.692,1.096,2.72,1.155,2.107,-0.379,0.765,3.384,2.001,2.878,0.966,0.333,2.498,0.228,3.286,-0.261,2.212,2.508,1.699,1.793,1.312,1.782,2.956,0.38,0.524,2.205,2.679,2.662,3.409,0.835,3.316,0.529,1.395,1.152,6.225,1.636,3.518,1.726,2.815,2.184,7.744,2.224,2.561,0.68,2.066,2.263,2.474,4.296,2.389,1.036,0.494,2.2,1.325,2.688,2.619,2.386,2.722,1.484,-0.544,3.884,3.012,1.66,3.053,2.088,1.389,0.594,2.904,2.198,2.317,2.349,2.84,2.007,1.239,7.411,1.358,3.048,2.804,2.286,3.308,0.727,3.246,2.691,1.588,2.858,2.338,2.511,2.764,2.882,0.356,-0.886,1.253,8.218,1.199,0.569,3.084,1.869,1.277,2.814,4.136,2.96,2.331,1.896,1.555,0.433,0.641,3.435,1.693,2.634,1.111,2.193,-1.44,1.372,1.04,3.235,1.19,2.944,0.933,0.722,3.387,3.114,3.113,2.909,2.112,3.885,1.774,0.868,2.205,2.382,2.882,2.998,0.724,14.379,0.399,1.165,0.527,3.243,2.917,3.102,2.561,1.568,3.242,3.423,1.536,1.918,2.324,-0.182,0.388,1.241,1.209,5.133,2.091
1971,2.665,2.423,2.777,2.241,5.201,2.529,0.265,1.575,2.451,0.628,3.38,0.446,1.997,2.632,3.559,2.002,0.5,0.833,0.182,2.114,2.182,-0.73,3.194,2.157,1.183,2.926,2.461,4.633,0.55,1.741,1.453,2.024,2.573,2.948,0.993,4.752,1.608,2.241,0.989,1.618,2.747,2.156,2.41,1.976,2.726,2.897,2.601,4.347,0.43,1.77,1.173,-0.318,0.695,5.904,0.68,2.794,2.891,2.286,2.606,-1.703,2.726,1.233,2.891,1.142,2.103,0.126,0.793,3.464,1.898,2.908,1.041,0.183,2.685,0.434,1.709,-0.28,2.186,2.433,1.634,1.886,1.234,1.716,2.955,0.286,0.809,2.258,2.654,2.657,3.35,1.17,3.144,0.466,1.516,2.194,4.979,1.629,3.578,1.623,2.732,1.971,7.027,2.086,2.709,0.727,2.434,2.276,2.538,4.339,2.144,1.246,0.954,1.031,1.082,2.723,2.629,2.363,3.077,1.592,0.017,4.37,2.996,1.589,3.027,1.091,1.403,0.991,2.945,2.14,2.3,2.337,2.998,2.044,1.189,6.899,1.494,3.062,2.784,2.322,3.202,0.701,3.412,2.702,2.079,2.843,2.357,2.44,2.759,2.88,0.364,-0.423,1.613,8.647,1.037,0.574,2.991,1.567,0.875,2.351,4.428,3.008,2.022,1.942,1.834,0.423,0.776,3.63,0.803,2.662,1.205,2.077,-0.871,1.174,1.087,3.251,0.354,2.909,0.688,0.525,3.41,3.036,3.172,2.883,2.366,3.262,1.352,1.094,2.197,2.392,2.865,2.791,0.732,16.818,0.418,1.264,0.301,2.986,3.043,3.021,2.456,1.554,3.299,3.487,1.41,1.648,2.271,0.592,0.586,2.303,0.521,11.113,2.133
1972,2.715,2.495,2.744,2.059,5.011,3.381,-0.342,1.609,2.397,0.682,1.838,0.581,1.889,2.257,3.934,1.656,0.594,0.802,0.392,1.871,2.226,-0.735,3.163,2.173,1.198,3.159,2.409,4.569,0.465,1.763,1.117,2.25,2.619,1.161,0.194,5.548,1.471,2.362,0.98,1.606,2.457,1.917,2.302,1.935,2.674,2.93,2.505,4.536,0.434,1.758,1.144,0.415,0.572,5.661,0.226,2.734,2.871,2.215,2.547,-3.177,2.753,1.124,3.005,1.157,2.089,0.595,0.802,3.482,1.831,2.951,1.011,0.478,2.817,0.65,2.304,-0.242,2.136,2.372,1.585,1.952,1.151,1.671,2.957,0.298,1.464,2.301,2.627,2.675,3.297,1.486,2.542,0.568,1.605,1.401,4.048,1.6,3.63,1.52,2.654,1.876,6.458,2.157,2.805,0.808,2.674,2.299,2.599,4.362,1.969,1.082,1.213,0.01,0.883,2.755,2.646,2.339,3.334,1.689,-0.083,4.721,2.983,1.516,2.995,0.299,1.415,1.373,2.965,2.094,2.287,2.324,3.109,2.081,1.011,4.481,1.768,3.07,2.769,2.361,3.377,0.765,3.595,2.721,2.386,2.82,2.379,2.387,2.749,2.872,0.827,-0.154,1.974,8.882,0.955,0.573,2.947,1.29,0.499,2.056,4.681,3.038,2.41,1.986,1.852,0.856,0.796,3.772,0.214,2.683,1.104,1.976,-0.385,1.001,1.11,3.271,-0.359,2.899,0.296,0.762,3.43,2.964,3.216,2.844,2.52,2.793,0.972,1.287,2.198,2.397,2.839,2.63,0.731,17.633,0.339,1.071,0.113,2.777,3.121,2.951,2.365,1.58,3.346,3.533,1.186,1.434,2.456,1.222,0.569,3.018,0.277,7.313,2.031
1973,2.659,2.363,2.735,1.869,4.889,3.897,-0.759,1.623,2.323,0.645,1.529,0.554,1.8,2.035,4.429,1.507,0.641,0.741,0.315,1.671,2.278,-0.741,3.158,2.187,1.19,3.362,2.375,4.476,0.521,1.792,0.989,1.995,2.668,1.223,-0.285,6.151,1.439,2.399,0.895,1.592,2.283,2.821,2.231,2.06,2.659,2.951,2.457,4.651,0.439,1.686,1.125,0.552,0.604,6.131,0.011,2.676,2.844,2.175,2.476,-4.18,2.775,0.96,2.929,1.195,2.06,0.568,0.782,3.487,1.816,3.001,0.881,0.315,2.819,0.454,1.439,-0.344,2.123,2.326,1.545,1.848,1.097,1.667,2.97,0.322,1.509,2.327,2.596,2.724,3.26,1.604,4.047,0.678,1.635,1.407,3.367,1.541,3.675,1.473,2.504,1.768,6.115,2.102,2.724,0.837,2.617,2.366,2.663,4.341,1.784,0.954,1.105,-0.736,0.797,2.783,2.682,2.342,3.468,1.753,-0.083,4.829,2.971,1.487,2.945,-0.011,1.364,1.633,2.951,2.084,2.327,2.311,3.094,2.116,0.827,2.362,1.957,3.078,2.77,2.44,3.106,0.7,3.866,2.76,2.267,2.785,2.406,2.369,2.732,2.858,0.908,0.031,2.161,8.569,0.857,0.575,2.945,1.056,0.364,1.948,4.869,3.002,1.529,2.028,1.869,0.97,0.822,3.841,0.939,2.677,1.105,1.903,-0.032,0.944,1.126,3.31,-0.819,2.916,0.172,0.738,3.436,2.906,3.232,2.78,2.319,2.451,0.728,1.422,2.206,2.39,2.808,2.553,0.715,17.591,0.193,0.954,0.023,2.651,3.194,2.9,2.29,1.71,3.377,3.529,1.03,1.309,2.32,1.604,0.537,3.574,0.569,9.733,1.983
1974,2.48,2.297,2.757,1.676,4.444,3.988,-0.854,1.607,2.223,0.482,2.531,0.17,1.735,1.956,5.04,1.62,0.643,0.649,0.315,1.543,2.34,-0.746,3.162,2.198,1.147,3.531,2.364,4.318,0.668,1.83,1.139,1.123,2.72,1.396,-0.31,6.38,1.547,2.328,0.765,1.575,2.066,3.161,2.207,2.387,2.691,2.953,2.465,4.678,0.458,1.537,1.13,0.665,0.466,7.387,0.104,2.621,2.809,2.176,2.392,-4.378,2.787,0.865,2.622,1.113,2.014,0.524,0.72,3.429,1.881,3.07,0.868,0.039,2.656,0.368,1.015,-0.504,2.122,2.292,1.519,1.528,1.082,1.715,2.995,0.446,1.353,2.332,2.562,2.81,3.245,1.657,2.975,0.654,1.581,1.33,2.998,1.43,3.712,1.439,2.274,1.713,6.014,2.198,2.426,0.881,2.185,2.485,2.731,4.274,1.866,0.904,1.304,-1.081,0.867,2.804,2.744,2.374,3.389,1.777,-0.068,4.545,2.962,1.517,2.874,0.301,1.284,1.559,2.9,2.116,2.435,2.3,2.929,2.148,0.784,1.927,2.085,3.087,2.789,2.566,2.414,0.62,4.242,2.823,1.556,2.736,2.441,2.393,2.708,2.833,0.96,1.395,2.08,7.741,0.926,0.573,3.003,0.892,0.51,2.098,4.978,2.886,1.82,2.064,1.664,1.033,0.533,3.825,3.369,2.639,1.093,1.868,0.041,1,1.126,3.372,-0.892,2.97,0.29,0.539,3.426,2.864,3.214,2.685,1.662,2.287,0.717,1.463,2.224,2.368,2.771,2.583,0.677,16.937,0.063,0.914,0.07,2.631,3.175,2.875,2.237,1.968,3.387,3.467,0.769,1.293,2.342,1.624,0.52,3.542,1.433,6.69,1.93
1975,2.201,2.301,2.801,1.509,3.953,3.807,-0.695,1.572,2.105,0.208,1.231,-0.265,1.689,2.027,5.646,1.908,0.617,0.529,0.289,1.481,2.41,-0.752,3.18,2.206,1.082,3.66,2.369,4.147,0.483,1.878,1.482,-0.118,2.773,1.459,0.004,6.292,1.75,2.192,0.587,1.556,1.766,1.896,2.215,2.83,2.751,2.946,2.512,4.646,0.476,1.337,1.15,0.7,0.288,8.855,0.381,2.568,2.77,2.206,2.299,-3.817,2.792,0.785,2.19,1.084,1.963,0.444,0.631,3.339,1.996,3.148,0.738,-0.373,2.4,0.939,0.202,-0.75,2.136,2.257,1.508,1.092,1.079,1.8,3.027,0.588,1.279,2.322,2.525,2.924,3.24,1.645,2.283,0.597,1.476,1.273,2.857,1.291,3.742,1.425,2.003,1.682,6.047,2.103,2.007,0.774,1.525,2.633,2.798,4.178,1.943,0.844,1.092,-1.094,1.037,2.822,2.82,2.422,3.215,1.773,0.734,4.187,2.954,1.577,2.792,1.061,1.114,1.495,2.826,2.176,2.573,2.289,2.675,2.178,0.891,1.139,1.945,3.091,2.819,2.714,1.656,0.552,4.651,2.902,0.583,2.676,2.479,2.445,2.679,2.804,0.994,3.8,1.844,6.727,1.248,0.574,3.098,0.771,0.851,2.418,5.044,2.728,2.312,2.098,1.46,1.05,0.978,3.742,6.585,2.584,1.081,1.858,-0.115,1.142,1.1,3.444,-0.674,3.05,0.397,-0.044,3.409,2.837,3.174,2.57,0.744,2.259,0.838,1.44,2.251,2.336,2.729,2.684,0.623,15.951,-0.007,0.986,0.215,2.679,3.143,2.865,2.201,2.306,3.386,3.374,0.587,1.369,2.216,1.398,0.49,3.303,2.691,4.928,1.856
1976,1.981,2.208,2.838,1.355,3.447,3.575,-0.509,1.53,1.986,-0.111,1.003,-0.177,1.653,2.1,6.256,2.238,0.578,0.469,0.179,1.4,2.48,0.377,3.199,2.216,1.003,3.79,2.373,3.965,0.433,1.923,1.874,-1.605,2.823,1.316,0.408,6.25,1.954,2.047,0.385,1.542,1.547,1.256,2.23,3.315,2.828,2.931,2.569,4.595,0.527,1.134,1.189,0.667,0.251,10.323,0.793,2.517,2.728,2.241,2.209,-3.112,2.787,0.713,1.709,1.041,1.879,0.301,0.534,3.246,2.118,3.248,0.721,-0.429,2.113,1.553,0.201,-1.114,2.15,2.239,1.503,0.577,1.101,1.887,3.057,0.55,0.993,2.305,2.484,3.022,3.234,1.509,2.232,0.499,1.34,1.072,2.734,1.146,3.761,1.455,1.706,1.597,6.089,1.994,1.541,0.603,0.799,2.78,2.796,4.059,2.099,0.815,0.495,-1.064,1.243,2.837,2.943,2.489,2.993,1.75,0.509,3.718,2.945,1.613,2.705,1.942,1.01,1.262,2.748,2.237,2.705,2.271,2.417,2.204,0.785,1.126,0.885,3.091,2.855,2.873,0.715,0.469,5.019,2.975,-0.49,2.616,2.512,2.499,2.647,2.773,0.998,2.844,1.651,5.564,1.205,0.703,3.188,0.664,1.288,2.777,5.039,2.554,2.024,2.132,1.348,1.058,1.476,3.656,9.78,2.515,1.057,1.857,-0.296,1.305,1.07,3.514,-0.358,3.121,0.364,-0.572,3.378,2.812,3.129,2.453,-0.314,2.214,1.022,1.392,2.265,2.296,2.693,2.806,0.567,15.141,-0.025,0.95,0.395,2.742,3.095,2.86,2.167,2.665,3.372,3.262,0.388,1.488,2.239,1.106,0.709,2.715,4.119,1.765,1.795
1977,1.748,2.213,2.868,1.237,3.058,3.432,-0.307,1.499,1.878,-0.364,1.127,0.038,1.623,2.152,6.621,2.496,0.543,0.551,0.123,1.357,2.545,0.375,3.202,2.22,0.938,3.891,2.371,3.817,0.519,1.971,2.192,-2.858,2.87,1.17,0.731,6.142,2.125,1.949,0.219,1.531,1.363,1.444,2.236,3.671,2.881,2.918,2.615,4.55,0.52,0.958,1.209,0.599,0.311,11.005,1.069,2.466,2.689,2.274,2.118,-2.371,2.78,0.736,1.347,0.975,1.811,0.28,0.456,3.147,2.223,3.34,0.682,-0.226,1.906,1.301,-0.605,-1.376,2.175,2.25,1.516,0.171,1.098,1.964,3.08,0.465,0.744,2.291,2.442,3.12,3.208,1.354,2.239,0.425,1.231,0.968,2.612,1.032,3.777,1.486,1.45,1.559,6.049,1.923,1.183,0.568,0.205,2.891,2.776,3.948,2.141,0.789,0.174,-1.011,1.388,2.85,3.06,2.547,2.849,1.736,0.39,3.447,2.932,1.627,2.623,2.636,0.849,1.122,2.682,2.288,2.782,2.25,2.224,2.228,0.595,1.482,0.311,3.079,2.883,2.993,0.166,0.423,5.289,3.039,-1.483,2.558,2.539,2.547,2.616,2.748,0.964,1.062,1.462,4.834,0.944,0.703,3.259,0.56,1.536,3.027,5.057,2.425,2.097,2.165,1.386,1.059,1.208,3.566,11.535,2.462,1.029,1.843,-0.445,1.44,1.043,3.563,-0.084,3.178,0.355,-0.339,3.356,2.795,3.094,2.344,-1.193,2.169,1.149,1.367,2.28,2.26,2.66,2.906,0.517,14.212,-0.033,1.006,0.547,2.777,3.063,2.849,2.138,2.979,3.36,3.182,0.162,1.579,2.12,0.903,0.608,2.435,5.106,-3.13,1.75
1978,1.282,2.076,2.911,1.379,2.932,3.354,-0.2,1.488,1.786,-0.438,1.163,-0.081,1.604,2.199,6.481,2.668,0.508,0.653,0.093,1.439,2.601,0.374,3.154,2.207,0.911,3.912,2.37,3.644,0.112,2.04,2.43,-3.374,2.918,0.995,1.036,5.841,2.314,1.91,0.164,1.512,1.338,1.812,2.236,3.814,2.875,2.91,2.654,4.505,0.471,0.804,1.155,0.542,0.311,10.441,1.133,2.414,2.655,2.319,2.013,-1.029,2.797,0.686,1.232,0.959,1.836,0.287,0.411,3.083,2.312,3.373,0.584,-0.087,1.857,1.297,-0.406,-1.244,2.184,2.301,1.575,0.052,1.005,2.045,3.092,0.345,0.781,2.287,2.407,3.273,3.149,1.419,2.109,0.356,1.198,0.91,2.652,0.973,3.797,1.493,1.298,1.519,5.931,1.829,1.047,0.516,-0.174,2.942,2.841,3.883,2.092,0.727,0.179,-0.633,1.428,2.86,3.081,2.567,2.828,1.755,1.041,3.297,2.925,1.307,2.552,3.153,0.812,1.075,2.634,2.334,2.78,2.229,2.103,2.249,0.615,1.097,0.032,3.047,2.899,3.032,0.781,0.382,5.472,3.107,-1.892,2.505,2.571,2.608,2.581,2.734,0.794,1.079,1.31,5.146,0.894,0.703,3.327,0.5,1.783,3.067,5.212,2.387,0.587,2.194,1.21,1.02,1.089,3.504,11.27,2.455,0.963,1.807,-0.55,1.509,0.998,3.585,0.127,3.241,0.291,0.009,3.364,2.801,3.073,2.243,-1.589,2.271,1.186,1.371,2.341,2.241,2.617,2.98,0.478,12.769,0.005,1.06,0.655,2.784,2.96,2.827,2.136,3.228,3.361,3.179,-0.013,1.497,2.076,0.802,0.536,2.567,5.386,2.883,1.748
1979,0.522,1.989,2.969,1.838,3.153,3.374,-0.145,1.504,1.71,-0.217,1.081,-0.17,1.594,2.213,5.806,2.718,0.457,0.618,0.09,1.661,2.649,0.372,3.049,2.174,0.934,3.842,2.367,3.468,0.135,2.134,2.549,-2.723,2.966,0.99,1.276,5.332,2.512,1.951,0.232,1.483,1.334,5.465,2.226,3.706,2.794,2.911,2.68,4.465,0.298,0.685,0.999,0.489,0.246,8.722,0.911,2.359,2.626,2.374,1.89,0.953,2.841,0.556,1.444,0.941,1.982,0.256,0.411,3.045,2.386,3.335,0.736,0.044,2.01,1.247,0.81,-0.564,2.192,2.389,1.689,0.335,0.793,2.127,3.091,0.181,0.978,2.295,2.381,3.488,3.051,1.332,2.568,0.289,1.268,0.847,2.871,0.983,3.822,1.475,1.283,1.517,5.717,1.844,1.207,0.321,-0.243,2.918,3.017,3.872,1.963,0.541,0.234,0.113,1.324,2.868,2.984,2.537,2.981,1.818,1.014,3.518,2.926,1.74,2.494,3.344,0.805,1.147,2.608,2.37,2.683,2.212,2.081,2.269,0.69,0.725,-0.392,2.994,2.896,2.971,3.071,0.341,5.561,3.178,-1.445,2.457,2.606,2.681,2.544,2.731,0.802,1.072,1.228,6.663,0.631,0.703,3.39,0.488,1.709,2.835,5.524,2.464,0.859,2.217,1.262,0.994,1.071,3.443,9.196,2.505,0.882,1.741,-0.576,1.518,0.969,3.576,0.202,3.315,0.218,0.201,3.411,2.835,3.07,2.154,-1.268,2.545,1.018,1.422,2.455,2.244,2.56,3.016,0.453,10.904,0.09,1.104,0.692,2.749,2.835,2.791,2.164,3.388,3.378,3.27,-0.172,1.223,2.101,0.854,0.479,3.03,4.717,0.264,1.762
1980,-0.408,2.048,3.031,2.5,3.493,3.454,-0.141,1.537,1.648,0.208,1.219,0,1.591,2.208,4.866,2.686,0.413,0.614,0.11,1.99,2.69,1.604,2.915,2.129,0.987,3.72,2.36,3.295,0.402,2.241,2.584,-1.138,3.013,1.29,1.462,4.557,2.7,2.052,0.401,1.451,1.254,2.67,2.208,3.43,2.673,2.914,2.693,4.425,0.109,0.597,0.791,0.115,0.122,6.586,0.476,2.303,2.601,2.435,1.758,3.234,2.897,0.603,1.878,0.923,2.185,0.311,0.444,3.022,2.445,3.267,0.843,0.207,2.295,0.982,1.202,0.483,2.231,2.495,1.843,0.893,0.501,2.204,3.081,0.065,1.059,2.31,2.359,3.725,2.93,1.151,2.401,0.206,1.399,0.788,3.2,1.04,3.846,1.405,1.363,1.558,5.45,1.824,1.572,0.229,-0.077,2.845,3.221,3.887,1.628,0.451,0.356,1.117,1.123,2.873,2.839,2.481,3.207,1.904,1.049,3.858,2.929,1.686,2.446,3.376,0.887,1.359,2.598,2.395,2.514,2.195,2.135,2.287,0.791,1.113,0.125,2.924,2.884,2.849,6.156,0.321,5.568,3.246,-0.434,2.414,2.642,2.756,2.506,2.735,0.923,1.081,1.19,8.611,0.527,0.71,3.445,0.504,1.555,2.463,5.881,2.615,0.913,2.238,1.269,0.824,0.989,3.401,6.383,2.588,0.803,1.656,-0.579,1.436,0.916,3.544,0.196,3.38,0.203,0.397,3.476,2.883,3.079,2.075,-0.409,2.914,0.75,1.495,2.595,2.258,2.499,3.029,0.437,9.001,0.12,0.96,0.678,2.689,2.678,2.747,2.21,3.488,3.401,3.413,-0.345,0.822,1.992,1.004,0.408,3.703,3.657,3.527,1.749
1981,-1.393,2.003,3.087,3.163,3.902,3.524,-0.116,1.572,1.547,0.769,1.587,0.255,1.59,2.222,3.876,2.637,0.359,0.692,-0.003,2.352,2.732,0.693,2.721,2.078,1.015,3.561,2.355,3.121,0.333,2.351,2.593,0.834,3.051,1.233,1.687,3.932,2.916,2.157,0.608,1.414,1.281,2.348,2.192,3.13,2.552,2.921,2.709,4.384,0.255,0.501,0.547,-0.035,-0.028,4.354,-0.005,2.248,2.576,2.488,1.625,5.616,2.907,0.705,2.37,0.887,2.444,0.427,0.486,2.992,2.496,3.14,0.82,0.152,2.608,0.897,1.581,1.757,2.23,2.591,1.995,1.539,0.202,2.281,3.069,0.007,1.141,2.324,2.34,3.931,2.822,1.171,1.991,0.12,1.564,0.728,3.588,1.094,3.863,1.348,1.472,1.56,5.033,1.873,1.982,0.307,0.207,2.763,3.492,3.908,1.336,0.577,0.295,2.197,0.896,2.881,2.558,2.406,3.447,2.019,0.735,4.192,2.933,1.482,2.4,3.352,0.967,1.521,2.562,2.42,2.403,2.174,2.171,2.309,0.686,1.839,0.385,2.856,2.875,2.71,8.827,0.344,5.577,3.309,0.842,2.371,2.677,2.829,2.464,2.739,0.908,0.867,1.134,10.341,0.654,0.668,3.357,0.569,1.425,2.045,6.204,2.778,1.216,2.207,4.808,0.726,0.274,3.358,3.596,2.682,0.711,1.564,-0.552,1.355,0.864,3.52,0.17,3.431,0.12,0.547,3.543,2.911,3.093,1.989,0.653,3.307,0.482,1.577,2.742,2.276,2.437,3.03,0.509,7.29,0.035,0.981,0.658,2.625,2.518,2.698,2.26,3.586,3.419,3.54,-0.554,0.364,2.018,1.187,0.582,4.326,2.51,0.218,1.764
1982,-2.22,2.113,3.122,3.705,4.222,3.553,-0.015,1.596,1.438,1.28,1.668,0.072,1.591,2.232,3.114,2.613,0.308,0.677,-0.027,2.618,2.777,0.722,2.558,2.037,1.006,3.428,2.342,2.973,0.296,2.448,2.619,2.487,3.083,1.19,1.91,3.377,3.083,2.257,0.765,1.388,1.473,1.553,2.177,2.894,2.473,2.92,2.722,4.329,0.492,0.418,0.369,0.138,-0.073,2.719,-0.402,2.197,2.55,2.533,1.508,7.387,2.887,0.72,2.77,0.856,2.615,0.56,0.519,2.948,2.55,3.074,0.847,-0.095,2.854,0.616,0.976,2.745,2.246,2.672,2.14,2.069,-0.062,2.343,3.056,-0.059,1.337,2.329,2.312,4.069,2.728,0.945,1.878,0.074,1.676,0.694,3.924,1.125,3.865,1.299,1.552,1.545,4.636,1.975,2.315,0.462,0.456,2.689,3.616,3.886,1.152,0.703,0.082,3.147,0.704,2.887,2.367,2.357,3.614,2.106,2.145,4.438,2.929,1.222,2.351,3.38,1.016,1.719,2.521,2.433,2.296,2.143,2.211,2.33,0.459,2.116,0.993,2.788,2.876,2.6,10.419,0.367,5.541,3.353,1.919,2.331,2.7,2.886,2.423,2.737,0.92,0.611,1.071,11.148,0.547,0.628,3.242,0.609,1.288,1.735,6.36,2.906,0.589,2.172,4.389,0.774,0.199,3.312,1.478,2.748,0.6,1.484,-0.537,1.291,0.801,3.497,0.217,3.463,0.057,0.584,3.581,2.928,3.103,1.905,1.544,3.607,0.236,1.623,2.848,2.279,2.389,3.048,0.324,6.035,-0.036,0.953,0.653,2.575,2.377,2.655,2.299,3.693,3.417,3.616,-0.685,-0.02,1.915,1.296,0.472,4.866,1.597,0.215,1.8
1983,-2.713,2.121,3.124,4.046,4.35,3.567,-0.002,1.611,1.396,1.412,1.251,-0.162,1.602,2.207,2.684,2.599,0.28,0.683,-0.008,2.821,2.817,0.864,2.506,2.017,0.997,3.396,2.306,2.874,0.25,2.52,2.655,3.552,3.111,0.988,2.013,3.211,3.077,2.391,0.901,1.387,1.445,1.519,2.156,2.758,2.447,2.906,2.723,4.244,0.517,0.412,0.341,0.088,-0.069,2.19,-0.706,2.15,2.527,2.577,1.419,7.956,2.883,0.687,3.054,0.862,2.544,0.596,0.546,2.894,2.6,3.205,0.879,-0.262,3.009,0.582,1.158,3.054,2.272,2.716,2.305,2.415,-0.294,2.364,3.04,-0.15,1.324,2.32,2.267,4.135,2.62,0.709,1.819,0.036,1.672,0.696,4.122,1.152,3.846,1.385,1.596,1.474,4.497,2.08,2.575,0.588,0.609,2.606,3.349,3.784,0.964,0.807,0.027,3.815,0.543,2.884,2.585,2.378,3.702,2.096,1.409,4.548,2.908,0.92,2.296,3.297,1.034,1.644,2.527,2.406,2.03,2.098,2.372,2.332,0.379,2.038,1.359,2.701,2.876,2.534,11.507,0.331,5.355,3.364,2.547,2.294,2.697,2.919,2.384,2.732,0.938,0.464,1.023,10.946,0.376,0.598,3.326,0.621,1.137,1.582,6.28,2.998,-0.121,2.226,1.299,0.727,0.626,3.24,0.16,2.759,0.487,1.431,-0.601,1.301,0.76,3.445,0.375,3.48,0.045,0.429,3.571,2.974,3.101,1.847,2.169,3.748,0.107,1.599,2.878,2.252,2.371,3.103,0.357,5.32,0.034,0.914,0.648,2.537,2.292,2.622,2.321,3.765,3.39,3.658,-0.733,-0.107,2.003,1.27,0.376,4.981,1.126,0.279,1.784
1984,-2.695,2.104,3.088,4.124,4.433,3.564,0.008,1.61,1.441,0.981,1.132,-0.006,1.622,2.118,2.683,2.606,0.275,0.678,-0.002,2.86,2.852,0.878,2.614,2.024,0.985,3.484,2.242,2.837,0.234,2.56,2.71,3.802,3.137,0.944,1.951,3.584,2.868,2.559,0.98,1.419,1.312,0.983,2.126,2.749,2.489,2.872,2.709,4.125,0.472,0.503,0.523,0.062,-0.052,3.055,-0.86,2.108,2.506,2.62,1.366,7.302,2.906,0.652,3.178,0.922,2.162,0.534,0.559,2.822,2.651,3.576,0.854,-0.346,3.045,0.498,1.145,2.522,2.263,2.74,2.489,2.506,-0.481,2.337,3.018,-0.2,1.064,2.296,2.2,4.121,2.498,0.62,1.307,0.022,1.513,0.648,4.145,1.17,3.804,1.621,1.583,1.234,4.657,2.014,2.725,0.628,0.608,2.512,2.612,3.587,0.884,0.829,0.103,4.127,0.433,2.869,3.309,2.485,3.672,1.965,0.021,4.712,2.865,1.046,2.235,3.128,1.023,1.484,2.592,2.334,1.566,2.034,2.673,2.314,0.397,1.964,0.865,2.594,2.879,2.529,11.96,0.282,5.014,3.337,2.674,2.258,2.662,2.919,2.35,2.721,0.905,0.385,0.993,9.837,0.354,0.757,3.655,0.566,1.12,1.728,5.953,3.038,0.592,2.393,1.89,0.687,0.51,3.142,-0.059,2.699,0.415,1.414,-0.659,1.398,0.717,3.36,0.671,3.485,0.091,0.359,3.502,3.054,3.084,1.819,2.392,3.692,0.061,1.484,2.813,2.187,2.388,3.205,0.375,5.196,0.158,0.866,0.644,2.514,2.265,2.603,2.319,3.802,3.332,3.658,-0.67,0.18,2.024,1.067,0.281,4.933,0.854,0.251,1.747
1985,-2.205,2.056,3.023,4.067,4.324,3.548,0.002,1.599,1.521,0.315,1.367,0.047,1.647,2.009,2.951,2.621,0.3,0.654,0.03,2.815,2.885,0.838,2.794,2.049,0.951,3.632,2.16,2.831,-0.001,2.578,2.769,3.523,3.157,0.914,1.79,4.187,2.541,2.742,1.018,1.472,1.362,1.074,2.092,2.82,2.582,2.83,2.685,3.992,0.45,0.658,0.853,0.067,0.041,4.712,-0.869,2.071,2.486,2.654,1.341,6.017,2.919,0.667,3.194,0.96,1.599,0.417,0.561,2.734,2.695,4.064,0.877,-0.223,3.001,0.388,0.944,1.493,2.276,2.754,2.674,2.424,-0.618,2.276,2.995,-0.182,0.788,2.26,2.119,4.039,2.377,0.16,1.764,0.029,1.256,0.626,4.068,1.17,3.745,1.963,1.532,0.985,4.909,1.869,2.793,0.655,0.527,2.417,1.601,3.335,0.95,0.86,0.193,4.169,0.36,2.849,4.268,2.641,3.594,1.765,1.757,4.719,2.808,0.817,2.17,2.901,0.957,1.133,2.679,2.231,1.01,1.956,3.039,2.285,0.466,1.83,0.618,2.477,2.885,2.562,11.904,0.299,4.599,3.283,2.575,2.227,2.608,2.896,2.318,2.706,0.804,0.274,0.976,8.321,0.408,0.777,4.051,0.471,1.094,2.022,5.485,3.042,0.811,2.603,0.137,0.674,0.49,3.035,0.511,2.596,0.362,1.418,-0.771,1.557,0.698,3.261,1.067,3.469,0.165,0.441,3.396,3.14,3.06,1.808,2.343,3.509,0.11,1.308,2.687,2.097,2.428,3.327,0.321,5.429,0.227,0.886,0.642,2.502,2.281,2.59,2.299,3.824,3.253,3.615,-0.455,0.726,2.103,0.748,0.2,4.281,1.238,0.159,1.749
1986,-1.707,1.933,2.947,3.952,4.231,3.532,-0.05,1.585,1.674,-0.603,1.639,0.064,1.669,1.875,3.295,2.635,0.334,0.679,0.036,2.781,2.902,0.847,3.059,2.077,0.992,3.794,2.074,2.845,-0.027,2.59,2.821,3.14,3.173,0.994,1.574,4.845,2.163,2.937,1.072,1.527,1.487,1.246,2.053,2.892,2.651,2.787,2.651,3.848,0.425,0.848,1.22,0.049,0.134,6.537,-0.928,2.033,2.466,2.691,1.319,4.69,2.992,0.744,3.18,1.062,0.961,0.325,0.566,2.666,2.736,4.571,0.888,0.046,2.939,0.331,0.562,0.23,2.249,2.763,2.86,2.308,-0.781,2.205,2.971,-0.171,0.733,2.221,2.035,3.961,2.25,0.045,1.547,0.005,0.965,0.532,3.897,1.186,3.682,2.34,1.47,0.995,5.441,1.892,2.842,0.812,0.334,2.303,0.589,3.071,0.97,0.965,0.449,4.182,0.302,2.828,5.333,2.812,3.485,1.533,1.671,4.791,2.751,0.765,2.104,2.608,0.892,0.739,2.792,2.116,0.346,1.882,3.427,2.237,0.555,1.86,-0.025,2.35,2.891,2.603,11.989,0.357,4.104,3.227,2.2,2.197,2.552,2.866,2.287,2.689,0.681,0.091,0.959,6.99,0.456,0.718,4.717,0.348,1.099,2.357,5.018,3.034,0.623,2.885,-0.094,0.619,1.245,2.928,1.317,2.47,0.299,1.428,-0.948,1.729,0.681,3.131,1.48,3.448,0.233,0.52,3.285,3.242,3.016,1.816,2.21,3.327,0.197,1.112,2.536,2.004,2.449,3.449,0.353,5.706,0.232,0.924,0.633,2.484,2.281,2.579,2.268,3.782,3.182,3.57,-0.189,1.426,2.06,0.381,0.426,3.845,1.571,0.081,1.768
1987,-1.128,1.997,2.867,3.881,4.084,3.514,-0.066,1.569,1.744,-1.297,1.521,0.063,1.68,1.76,3.514,2.63,0.347,0.675,0.085,2.771,2.926,0.811,3.213,2.097,0.978,3.88,1.995,2.838,0.147,2.606,2.833,2.935,3.177,1.318,1.419,5.306,1.871,3.106,1.118,1.571,1.604,1.007,2.017,2.932,2.716,2.753,2.62,3.723,0.387,1.004,1.539,0.049,0.127,7.621,-0.954,1.995,2.444,2.709,1.295,3.711,2.988,0.778,3.198,1.146,0.435,0.284,0.571,2.596,2.764,4.917,0.826,0.154,2.899,0.334,1.115,-0.759,2.235,2.769,3.008,2.241,-0.919,2.141,2.948,-0.168,1.096,2.184,1.958,3.85,2.16,0.01,1.615,0.01,0.728,0.482,3.791,1.171,3.617,2.622,1.426,0.985,5.656,1.902,2.892,1.021,0.266,2.198,-0.238,2.841,1.022,1.041,0.648,4.169,0.238,2.816,6.008,2.937,3.387,1.366,0.689,4.75,2.7,0.748,2.042,2.34,0.857,0.364,2.845,2.011,-0.174,1.808,3.711,2.203,0.635,1.982,0.862,2.238,2.908,2.626,11.632,0.468,3.69,3.174,2.046,2.17,2.502,2.832,2.253,2.67,0.564,-0.027,0.943,5.957,0.492,0.697,5.086,0.255,1.083,2.6,4.615,3.028,4.245,3.054,1.504,0.557,1.204,2.842,1.846,2.365,0.259,1.423,-1.062,1.867,0.652,3.028,1.827,3.401,0.334,0.628,3.189,3.288,2.982,1.806,2.169,3.181,0.252,0.938,2.403,1.921,2.462,3.536,0.383,5.85,0.213,0.894,0.623,2.458,2.295,2.559,2.235,3.76,3.111,3.493,0.062,1.938,2.075,0.071,0.292,3.34,1.665,0.058,1.783
1988,0.116,1.887,2.776,3.686,3.993,3.482,0.073,1.542,1.516,-1.246,1.636,0.142,1.676,1.706,3.548,2.595,0.371,0.286,0.318,2.655,2.989,0.857,3.032,2.112,0.666,3.837,1.923,2.839,0.112,2.622,2.777,2.86,3.159,1.297,1.424,5.58,1.765,3.214,1.082,1.607,1.61,0.84,1.99,2.96,2.861,2.732,2.603,3.64,0.326,1.072,1.794,0.077,0.049,7.588,-0.881,1.964,2.42,2.671,1.289,3.084,2.698,0.622,3.242,1.058,0.159,0.291,0.565,2.473,2.776,4.98,0.99,0.391,2.873,0.363,1.286,-1.315,2.231,2.768,3.075,2.199,-0.903,2.085,2.925,-0.153,1.566,2.147,1.888,3.613,2.162,-0.428,1.657,0.048,0.588,0.416,3.906,1.034,3.545,2.704,1.412,0.979,4.829,1.765,2.909,1.017,0.625,2.144,-0.896,2.659,1.072,1.064,0.726,4.005,0.162,2.821,5.909,2.984,3.277,1.347,0.821,4.462,2.66,0.688,1.986,2.197,0.74,0.26,2.734,1.928,-0.222,1.714,3.793,2.228,0.646,1.944,0.274,2.172,2.951,2.631,10.243,0.538,3.533,3.109,1.957,2.146,2.456,2.786,2.209,2.639,0.414,-0.104,0.927,4.958,0.471,0.648,4.446,0.253,1.072,2.71,4.232,3.021,0.373,2.892,2.538,0.53,0.272,2.786,2.062,2.315,0.212,1.397,-0.999,1.889,0.591,3.036,2.038,3.303,0.46,0.735,3.104,3.193,3,1.738,2.21,3,0.29,0.802,2.305,1.847,2.509,3.57,0.444,5.921,0.222,0.908,0.625,2.434,2.356,2.524,2.202,3.884,3.012,3.323,0.172,2.159,2.145,-0.12,0.185,3.43,1.823,0.051,1.77
1989,2.136,2.688,2.675,3.431,3.925,3.434,0.402,1.502,0.903,-0.064,1.693,0.451,1.653,1.718,3.357,2.523,0.382,0.295,0.363,2.454,3.101,0.843,2.451,2.117,-0.036,3.634,1.863,2.844,-1.17,2.64,2.642,2.983,3.115,1.794,1.655,5.356,1.903,3.244,0.957,1.629,1.533,1.036,1.976,2.965,3.098,2.727,2.603,3.609,0.253,1.019,1.959,0.056,0.06,6.382,-0.69,1.94,2.393,2.569,1.303,2.906,2.062,0.398,3.329,0.694,0.232,0.361,0.542,2.309,2.771,4.717,0.263,0.773,2.872,0.522,0.908,-1.224,2.261,2.759,3.045,2.198,-0.676,2.044,2.901,-1.089,1.238,2.111,1.831,3.234,2.277,-0.396,1.696,0.075,0.586,0.4,4.291,0.268,3.466,2.518,1.438,0.989,2.807,2.09,2.893,0.508,1.543,2.158,-1.305,2.538,1.11,0.796,0.973,3.675,0.068,2.847,4.957,2.932,3.151,1.523,0.973,3.86,2.632,0.766,1.937,2.234,0.572,0.263,2.425,1.873,0.375,1.598,3.634,2.327,0.6,1.965,0.48,2.165,3.025,2.613,7.752,0.413,3.688,3.034,2.089,2.125,2.418,2.729,2.155,2.595,0.362,-0.146,0.91,3.994,0.449,0.587,2.629,0.35,1.203,2.635,3.88,3.015,0.597,2.326,2.936,0.482,0.058,2.774,1.811,2.335,0.157,1.345,-0.689,1.801,0.504,3.177,2.088,3.145,0.667,0.809,3.037,2.93,3.082,1.592,2.383,2.787,0.27,0.721,2.257,1.787,2.598,3.539,0.488,5.884,0.26,0.944,0.646,2.41,2.469,2.47,2.172,4.182,2.879,3.047,0.079,1.948,1.99,-0.139,0.119,4.055,1.722,0.088,1.739
1990,4.477,1.799,2.566,3.125,3.845,3.378,0.845,1.453,0.048,1.817,1.48,0.762,0.45,1.767,3.039,2.43,0.373,0.187,0.298,2.201,3.235,0.821,1.639,2.116,-0.99,3.34,1.812,2.846,-1.804,2.659,2.455,3.218,3.054,1.508,2.024,5.186,2.197,3.226,0.783,1.639,1.467,0.321,1.968,2.949,3.371,2.735,2.612,3.607,0.212,0.882,2.052,-0.268,0.162,4.599,-0.425,1.919,2.364,2.427,1.327,3.044,1.225,0.066,3.432,0.248,0.547,0.443,0.509,2.112,2.753,4.272,-0.027,0.862,2.883,1.058,0.541,-0.625,2.291,2.734,2.952,2.227,-0.306,2.012,2.879,-1.033,0.778,2.076,1.782,2.778,2.465,0.084,3.095,0.084,0.682,0.332,4.783,0.604,3.384,2.157,1.486,0.985,0.122,1.924,2.849,-0.143,2.771,2.207,-1.459,2.458,1.192,0.368,1.252,3.262,-0.032,2.886,3.56,2.817,3.028,1.827,0.978,3.09,2.612,0.712,1.893,2.356,0.407,0.422,1.995,1.838,1.406,1.471,3.327,2.466,0.689,2.369,0.923,2.192,3.117,2.579,4.951,0.344,3.997,2.956,2.412,2.107,2.386,2.664,2.093,2.543,0.392,-0.218,0.89,3.111,0.174,0.168,0.163,0.531,1.214,2.461,3.558,3.005,0.49,1.524,3.889,0.44,0.091,2.795,1.279,2.394,0.102,1.272,-0.233,1.63,0.39,3.387,2.016,2.952,0.773,1.027,2.983,2.568,3.193,1.4,2.62,2.569,0.233,0.679,2.237,1.738,2.699,3.467,0.228,5.784,0.299,1.13,0.677,2.928,2.609,2.403,2.139,4.549,2.733,2.706,-0.13,1.475,1.898,-0.033,0.066,4.776,1.39,2.851,1.735
1991,6.9,-0.603,2.46,2.772,3.883,3.324,1.319,1.401,-0.935,3.899,1.275,0.998,1.552,1.848,2.752,2.325,0.374,0.049,0.372,1.892,3.377,-0.515,0.72,2.113,-2.131,3.028,1.759,2.855,-0.99,2.677,2.29,3.435,2.992,1.243,2.419,4.757,2.525,3.199,0.561,1.648,1.364,0.829,1.962,2.939,3.677,2.744,2.615,3.603,-1.867,0.72,2.13,-0.24,0.26,2.748,-0.064,1.901,2.333,2.272,1.359,3.206,0.341,-0.502,3.533,-0.324,0.932,0.546,0.554,1.888,2.731,3.807,0.703,0.729,2.896,1.2,-0.18,0.139,2.328,2.689,2.835,2.257,0.157,1.979,2.851,-0.006,1.159,2.04,1.737,2.302,2.664,0.575,6.017,0.069,0.8,0.393,5.314,0.632,3.305,1.777,1.546,0.99,-3.105,1.635,2.796,-0.473,4.146,2.25,-1.738,2.396,1.298,0.17,1.34,2.812,-0.146,2.924,2.061,2.682,2.908,2.173,2.695,2.379,2.599,1.079,1.852,2.538,0.216,0.664,1.535,1.809,2.59,1.334,2.991,2.611,0.788,2.578,-,2.231,3.214,2.546,1.969,0.477,4.405,2.867,2.485,2.089,2.349,2.593,2.023,2.489,0.355,-0.23,0.707,2.3,-0.869,0.287,-2.852,0.736,1.359,2.271,3.266,3,1.332,0.667,2.845,0.077,0.063,2.818,0.675,2.465,0.255,1.205,0.3,1.426,0.263,3.625,1.917,2.74,0.682,1.25,2.923,2.187,3.327,1.185,2.9,2.323,0.183,0.652,2.224,1.69,2.816,3.394,0.21,5.776,0.309,1.336,0.707,2.132,2.787,2.334,2.108,4.933,2.577,2.355,-0.44,0.901,1.915,0.121,0.127,5.617,1.16,0.809,1.668
1992,8.546,-0.606,2.35,2.471,3.836,3.28,1.715,1.352,-1.797,5.446,1.213,1.101,1.515,1.905,2.579,2.233,0.373,0.216,0.406,1.654,3.479,-0.724,-0.021,2.109,-3.154,2.768,1.707,2.844,-1.074,2.693,2.145,3.539,2.935,1.184,2.716,4.581,2.766,3.191,0.379,1.65,1.226,0.84,1.949,2.925,3.894,2.754,2.603,3.576,-2.444,0.587,2.209,0.102,0.331,1.343,0.24,1.879,2.3,2.14,1.378,3.278,-0.387,-1.824,3.591,-0.803,1.226,0.562,0.497,1.714,2.708,3.446,0.775,0.76,2.891,0.764,-0.361,0.722,2.324,2.625,2.734,2.263,0.552,1.943,2.825,-0.039,1.257,2.003,1.691,1.891,2.829,0.682,3.455,0.068,0.886,0.371,5.615,-0.077,3.228,1.448,1.58,1.039,-,1.154,2.728,-1.377,5.151,2.256,-1.907,2.32,1.315,-0.109,1.328,2.426,-0.233,2.958,0.888,2.573,2.802,2.457,1.032,1.719,2.588,1.316,1.811,2.605,0.054,0.773,1.147,1.77,3.523,1.214,2.71,2.709,0.756,2.499,1.042,2.246,3.299,2.522,-0.406,0.577,4.618,2.788,2.665,2.072,2.315,2.521,1.954,2.437,0.307,-0.078,0.645,1.638,-0.903,0.097,-5.539,0.904,1.526,2.13,2.995,2.98,0.459,-0.022,3.004,0.032,-0.147,2.835,0.293,2.497,0.49,1.14,0.765,1.247,0.157,3.78,1.835,2.538,0.587,1.103,2.863,1.868,3.413,1.006,3.07,2.123,0.163,0.615,2.183,1.643,2.878,3.331,0.288,5.803,0.27,1.387,0.725,2.344,2.915,2.27,2.062,5.164,2.452,2.034,-0.612,0.47,1.776,0.232,0.666,6.232,1.059,0.86,1.573
1993,8.791,-0.61,2.222,2.229,3.491,3.247,2.024,1.306,-2.342,6.049,0.978,0.825,1.519,1.876,2.479,2.168,0.372,0.225,0.391,1.684,3.501,0.536,-0.363,2.1,-3.723,2.575,1.665,2.807,-0.798,2.71,1.959,3.54,2.875,1.099,2.852,4.518,2.895,3.207,0.282,1.627,1.15,1.718,1.924,2.894,3.893,2.77,2.576,3.521,0.537,0.492,2.24,0.104,0.333,0.56,0.385,1.847,2.264,2.048,1.36,3.378,-0.843,-2.574,3.576,-1.008,1.399,0.484,0.433,1.63,2.676,3.198,0.769,0.657,2.855,0.588,-0.181,1.098,2.257,2.551,2.661,2.236,0.738,1.911,2.815,-0.114,1.017,1.971,1.644,1.592,2.957,0.5,2.658,0.061,0.952,0.324,5.476,-0.356,3.149,1.255,1.556,1.016,-,0.029,2.623,-1.972,5.379,2.217,-1.252,2.217,1.461,-0.474,1.342,2.154,-0.233,2.996,0.251,2.506,2.642,2.641,0.999,1.183,2.575,1.186,1.765,2.45,-0.135,0.953,0.874,1.711,4.011,1.145,2.484,2.729,0.697,2.579,1.14,2.22,3.369,2.503,-1.54,0.595,4.382,2.75,2.651,2.061,2.306,2.456,1.903,2.392,0.254,0.122,0.842,1.219,-0.136,-0.053,-6.766,0.978,1.511,1.981,2.743,2.919,2.084,-0.432,2.53,0.382,-0.238,2.837,0.28,2.455,0.519,1.054,1.1,1.153,0.088,3.761,1.737,2.361,0.581,0.911,2.822,1.637,3.377,0.907,2.977,2.085,0.165,0.558,2.092,1.61,2.805,3.256,0.055,5.692,0.24,1.319,0.735,2.272,2.901,2.209,1.979,5.116,2.398,1.748,-0.57,0.237,1.694,0.271,0.689,6.301,0.918,0.816,1.565
1994,7.66,-0.614,2.071,2.083,2.753,3.226,2.142,1.265,-2.391,5.645,1.059,0.385,1.352,1.75,2.464,2.14,0.387,-0.117,0.308,2.031,3.426,0.694,-0.129,2.083,-3.554,2.467,1.634,2.72,-0.34,2.727,1.725,3.423,2.812,1.095,2.789,4.878,2.876,3.254,0.323,1.575,1.13,2.252,1.885,2.855,3.636,2.791,2.534,3.435,1.115,0.455,2.217,0.036,0.338,0.622,0.319,1.802,2.224,2.009,1.293,3.496,-0.906,-2.139,3.477,-0.931,1.4,0.431,0.372,1.672,2.634,3.096,-1.539,0.347,2.785,0.501,0.542,1.125,2.118,2.491,2.632,2.173,0.629,1.881,2.825,-0.137,0.867,1.943,1.594,1.441,3.036,0.394,2.589,0.02,0.98,0.279,4.85,-1.444,3.068,1.256,1.457,1.006,-,-0.035,2.478,-1.674,4.73,2.122,0.494,2.076,1.417,-0.694,1.362,2.035,-0.117,3.039,0.363,2.497,2.438,2.69,0.935,0.772,2.559,1.4,1.713,2.028,-0.298,0.961,0.761,1.628,3.937,1.144,2.334,2.653,0.603,2.667,1.329,2.14,3.417,2.493,-0.882,0.569,3.617,2.76,2.726,2.053,2.329,2.398,1.876,2.355,0.211,0.269,0.929,1.104,-0.145,-0.034,-5.37,0.936,1.496,1.84,2.508,2.808,2.666,-0.444,3.137,0.394,-0.116,2.838,0.772,2.32,0.476,0.942,1.153,1.163,0.021,3.535,1.639,2.219,0.711,0.797,2.802,1.523,3.195,0.917,2.565,2.247,0.191,0.475,1.936,1.594,2.568,3.17,-0.495,5.429,0.255,1.226,0.734,1.963,2.708,2.154,1.851,4.752,2.434,1.512,-0.262,0.323,1.615,0.2,0.458,5.836,0.705,0.692,1.52
1995,5.884,-0.618,1.91,2.012,1.871,3.217,2.165,1.229,-2.04,4.61,1.208,0.153,1.152,1.558,2.535,2.135,0.4,-0.323,0.209,2.586,3.294,0.716,0.511,2.062,-2.768,2.419,1.61,2.612,-0.445,2.746,1.482,3.226,2.751,1.035,2.591,5.234,2.757,3.323,0.428,1.503,1.087,1.98,1.836,2.797,3.235,2.816,2.476,3.325,-0.69,0.458,2.161,-0.061,0.521,1.281,0.086,1.749,2.182,2.006,1.192,3.622,-0.643,-1.785,3.327,-0.488,1.275,0.382,0.361,1.79,2.586,3.092,-3.758,0.294,2.695,0.467,0.539,0.943,1.909,2.453,2.627,2.089,0.316,1.853,2.843,-0.139,0.542,1.919,1.544,1.396,3.074,0.513,2.668,0.002,0.978,0.235,3.967,-2.062,2.989,1.358,1.309,1.006,-,0.998,2.309,-1.426,3.608,1.983,2.886,1.916,1.53,-0.77,1.405,2.021,0.078,3.081,1.008,2.521,2.213,2.651,0.697,0.477,2.544,0.86,1.658,1.409,-0.405,0.965,0.766,1.53,3.518,1.187,2.239,2.512,0.494,2.262,1.464,2.023,3.452,2.49,1.12,0.519,2.566,2.797,2.496,2.048,2.368,2.346,1.86,2.324,0.136,0.346,0.924,1.255,-0.202,-0.022,-1.695,0.804,1.308,1.726,2.303,2.672,1.47,-0.135,3.038,0.293,0.022,2.824,1.602,2.126,0.441,0.817,1.097,1.227,-0.015,3.189,1.54,2.095,0.525,0.668,2.792,1.497,2.931,1,1.974,2.532,0.243,0.373,1.741,1.589,2.229,3.082,-0.79,5.128,0.265,1.191,0.72,1.807,2.428,2.104,1.695,4.216,2.526,1.314,0.29,0.655,1.59,0.053,-1.423,5.2,0.42,0.465,1.506
1996,4.019,-0.622,1.753,1.958,0.785,3.214,2.166,1.194,-1.539,3.531,1.314,0.135,1.01,1.348,2.62,2.13,0.41,-0.334,0.195,3.185,3.146,0.639,1.272,2.038,-1.702,2.391,1.589,2.496,-0.516,2.765,1.213,3.02,2.69,1.045,2.365,5.752,2.621,3.378,0.603,1.426,1.048,4.439,1.782,2.745,2.801,2.85,2.42,3.225,-1.372,0.468,2.086,-0.116,0.566,2.082,-0.242,1.693,2.142,2.013,1.084,3.768,-0.353,-1.475,3.167,-0.002,1.149,0.328,0.354,1.934,2.547,3.098,-3.63,0.289,2.602,0.441,0.179,0.712,1.704,2.403,2.636,1.999,-0.065,1.827,2.863,-0.172,0.54,1.895,1.495,1.378,3.097,0.791,2.617,0.028,0.979,0.227,3.09,-1.516,2.914,1.517,1.142,0.953,1.296,1.48,2.138,-1.126,2.305,1.863,5.51,1.75,1.51,-0.76,1.361,2.018,0.311,3.122,1.796,2.554,1.961,2.594,0.657,0.137,2.53,1.023,1.606,0.719,-0.2,0.875,0.804,1.432,3.035,1.246,2.158,2.356,0.461,1.915,1.583,1.903,3.482,2.489,3.525,0.507,1.459,2.845,2.538,2.046,2.423,2.293,1.854,2.292,0.076,0.376,1.122,1.754,-0.288,-0.145,2.981,0.654,1.257,1.597,2.097,2.531,1.467,0.202,4.064,0.212,-0.063,2.811,2.518,1.925,0.417,0.679,0.934,1.33,-0.056,2.814,1.428,1.994,0.159,0.442,2.809,1.49,2.647,1.109,1.297,2.858,0.307,0.267,1.543,1.589,1.872,2.99,-0.887,5.008,0.255,1.163,0.714,1.913,2.095,2.052,1.534,3.66,2.638,1.137,0.978,1.036,1.468,-0.116,-0.099,4.278,0.204,0.257,1.453
1997,2.637,-0.625,1.615,1.861,-0.07,3.217,2.158,1.16,-1.115,2.655,1.119,0.113,0.965,1.184,2.772,2.112,0.424,-0.424,0.242,3.638,3.028,0.61,1.874,2.013,-0.756,2.345,1.564,2.382,-0.609,2.784,1.018,2.834,2.639,0.994,2.179,5.954,2.513,3.423,0.717,1.354,1.023,0.833,1.731,2.692,2.472,2.882,2.356,3.125,-0.488,0.46,2.013,-0.108,0.416,2.639,-0.482,1.642,2.099,2.009,0.985,3.919,-0.058,-1.141,3.034,0.361,1.059,0.297,0.354,2.018,2.519,3.082,-3.208,0.146,2.525,0.493,0.179,0.557,1.503,2.358,2.622,1.932,-0.372,1.802,2.867,-0.201,0.819,1.869,1.453,1.342,3.11,1.003,2.498,0.053,0.983,0.238,2.415,-1.578,2.849,1.614,0.998,0.938,4.999,1.459,1.982,-0.997,1.314,1.73,7.391,1.612,1.507,-0.738,1.254,2.008,0.509,3.152,2.387,2.561,1.781,2.577,0.757,-0.139,2.525,1.252,1.559,0.149,-0.37,0.858,0.824,1.346,2.7,1.285,2.062,2.213,0.515,1.932,1.312,1.799,3.515,2.489,5.195,0.542,0.584,2.87,2.342,2.04,2.46,2.235,1.83,2.256,0.065,0.446,0.929,2.418,-0.288,-0.165,6.546,0.524,1.174,1.507,1.942,2.417,1.173,0.523,3.357,0.185,-0.134,2.797,3.246,1.752,0.419,0.563,0.902,1.39,-0.082,2.516,1.321,1.877,0.057,0.241,2.815,1.477,2.428,1.184,0.758,3.105,0.367,0.182,1.369,1.585,1.569,2.917,-0.911,5.077,0.258,1.204,0.699,1.885,1.844,1.999,1.39,3.221,2.724,0.966,1.487,1.318,1.303,-0.243,-0.28,3.688,0.118,0.242,1.427
1998,1.947,-0.629,1.501,1.711,-0.277,3.229,2.087,1.132,-0.782,2.119,1.042,0.11,0.949,1.12,3.106,2.077,0.428,-0.476,0.214,3.84,2.959,0.735,2.27,1.987,-0.046,2.272,1.529,2.273,-0.667,2.803,1.031,2.637,2.61,0.83,2.024,5.842,2.419,3.491,0.763,1.287,0.96,0.835,1.684,2.64,2.307,2.9,2.258,2.987,-0.061,0.445,1.947,-0.095,0.363,2.924,-0.581,1.595,2.046,1.996,0.892,4.026,0.511,-0.961,2.939,0.664,0.931,0.265,0.369,2.054,2.486,3.084,-2.474,0.015,2.472,0.554,0.178,0.448,1.303,2.362,2.56,1.912,-0.555,1.777,2.849,-0.233,1.071,1.84,1.419,1.315,3.099,1.043,2.287,0.029,0.961,0.272,1.949,-1.728,2.799,1.694,0.898,0.722,6.828,1.534,1.85,-0.943,0.955,1.486,7.901,1.527,1.484,-0.724,1.244,2.039,0.621,3.162,2.762,2.527,1.732,2.603,0.65,-0.192,2.542,1.051,1.516,-0.246,-0.04,0.911,0.849,1.274,2.51,1.289,1.96,2.073,0.617,1.899,0.887,1.704,3.547,2.491,5.721,0.595,0.093,2.848,2.158,2.026,2.451,2.172,1.758,2.222,0.036,0.505,0.575,2.99,-0.207,-0.165,8.118,0.449,1.078,1.479,1.92,2.348,1.956,1.06,3.397,0.134,-0.218,2.778,3.698,1.603,0.414,0.506,0.855,1.384,-0.082,2.34,1.241,1.699,0.056,0.297,2.757,1.487,2.318,1.206,0.538,3.214,0.429,0.148,1.214,1.573,1.331,2.892,-0.894,5.174,0.291,1.166,0.637,1.609,1.74,1.955,1.266,2.928,2.763,0.802,1.823,1.458,-5.925,-0.305,-0.379,3.699,0.043,0.166,1.392
1999,2.17,-0.633,1.416,1.535,0.355,3.249,1.968,1.113,-0.635,1.962,1.143,0.195,0.878,1.185,3.655,2.023,0.415,-0.421,0.229,3.722,2.952,0.56,2.365,1.961,0.241,2.162,1.481,2.194,-0.561,2.822,1.31,2.435,2.607,0.813,1.907,5.317,2.347,3.583,0.716,1.228,0.866,0.955,1.642,2.58,2.357,2.898,2.121,2.803,-0.432,0.416,1.89,-0.102,0.331,2.827,-0.507,1.557,1.978,1.967,0.809,4.082,1.394,0.294,2.894,0.722,0.766,0.232,0.514,1.99,2.448,3.101,-2.057,0.065,2.449,0.383,0,0.397,1.098,2.369,2.438,1.953,-0.546,1.751,2.802,-0.283,1.209,1.806,1.395,1.288,3.063,1.127,2.546,0.017,0.908,0.183,1.76,-0.955,2.766,1.715,0.86,0.711,6.374,1.486,1.748,-0.814,1.458,1.106,6.989,1.512,1.411,-0.709,1.351,2.118,0.611,3.149,2.822,2.442,1.874,2.689,0.593,0.123,2.585,1.271,1.476,-0.405,-0.157,0.89,0.869,1.22,2.527,1.242,1.844,1.942,0.665,1.899,0.525,1.624,3.578,2.496,4.85,0.685,0.135,2.766,1.958,2.002,2.379,2.102,1.625,2.191,-0.008,0.566,0.501,3.373,-0.157,-0.309,7.449,0.443,1.074,1.518,2.057,2.336,1.964,1.829,0.799,0.102,0.071,2.749,3.795,1.491,0.405,0.53,0.914,1.276,-0.041,2.321,1.198,1.437,0.078,0.477,2.622,1.519,2.347,1.152,0.761,3.145,0.451,0.176,1.085,1.55,1.186,2.925,-0.943,5.29,0.333,1.148,0.514,1.078,1.822,1.919,1.171,2.822,2.74,0.642,1.922,1.405,-10.955,-0.419,-0.362,4.511,0.129,0.057,1.352
2000,2.975,-0.637,1.358,1.336,1.575,3.277,1.769,1.101,-0.631,2.065,1.192,0.24,0.822,1.345,4.315,1.952,0.39,-0.471,0.243,3.427,2.984,0.89,2.246,1.934,0.209,2.033,1.424,2.109,-0.494,2.842,1.767,2.236,2.621,0.931,1.82,4.551,2.29,3.683,0.599,1.177,0.788,0.882,1.604,2.522,2.55,2.887,1.961,2.599,-0.986,0.376,1.844,-0.28,0.334,2.484,-0.255,1.523,1.903,1.93,0.735,4.111,2.429,0.484,2.883,0.665,0.582,0.208,0.685,1.872,2.414,3.129,-1.945,0.135,2.449,0.409,0.178,0.398,0.885,2.434,2.283,2.033,-0.395,1.725,2.735,-0.26,1.369,1.768,1.38,1.261,3.005,1.333,2.642,0.045,0.833,0.167,1.787,-0.3,2.746,1.716,0.866,0.836,4.679,1.191,1.674,-0.964,2.504,0.645,5.363,1.542,1.271,-0.703,1.344,2.218,0.514,3.12,2.676,2.325,2.125,2.812,0.645,0.664,2.644,0.983,1.441,-0.338,-0.203,0.975,0.888,1.181,2.676,1.16,1.727,1.817,0.715,1.901,0.588,1.556,3.609,2.504,3.219,0.649,0.578,2.647,1.748,1.971,2.273,2.028,1.453,2.159,-1.044,0.703,0.277,3.781,-0.129,-0.421,5.605,0.487,1.168,1.63,2.297,2.365,0.893,2.702,1.732,-0.135,0.296,2.72,3.658,1.409,0.447,0.611,1.051,1.122,0.022,2.406,1.188,1.133,0.161,0.562,2.448,1.567,2.469,1.044,1.278,2.967,0.498,0.255,0.981,1.518,1.113,2.995,-1.007,5.511,0.357,1.113,0.354,1.384,2.023,1.889,1.1,2.843,2.679,0.496,1.802,1.237,-3.582,-0.028,-0.32,5.618,0.512,0.04,1.323
2001,3.903,-0.938,1.31,1.169,2.944,3.301,1.573,1.092,-0.618,2.205,1.348,0.383,0.775,1.523,4.837,1.886,0.361,-0.513,0.344,3.089,3.024,1.079,2.114,1.906,0.116,1.889,1.367,2.041,-1.991,2.859,2.273,2.037,2.64,1.086,1.742,3.778,2.217,3.786,0.442,1.126,0.726,0.737,1.567,2.465,2.769,2.853,1.793,2.392,-3.848,0.343,1.785,-0.376,0.358,2.129,0.03,1.491,1.825,1.901,0.661,4.118,3.528,-0.637,2.879,0.557,0.358,0.228,0.728,1.75,2.385,3.164,-1.551,0.168,2.45,0.52,0.267,0.393,0.688,2.402,2.117,2.125,-0.203,1.699,2.663,-0.229,1.329,1.729,1.368,1.25,2.979,1.592,2.357,0.056,0.751,0.241,1.834,-0.17,2.728,1.691,0.885,0.767,2.804,0.949,1.6,-1.291,3.785,0.144,3.636,1.581,1.076,-0.824,1.19,2.346,0.393,3.086,2.509,2.196,2.444,2.927,0.751,1.286,2.708,0.79,1.404,-0.219,-0.224,1.009,0.921,1.149,2.839,1.076,1.608,1.682,0.755,1.902,0.589,1.489,3.638,2.512,1.496,0.506,1.183,2.522,1.486,1.938,2.149,1.958,1.274,2.133,-0.028,0.705,0.214,3.735,-1.395,-0.424,3.681,0.537,1.295,1.739,2.574,2.404,0.087,3.63,2.697,-0.183,0.158,2.698,3.483,1.333,0.694,0.712,1.17,0.919,0.098,2.52,1.188,0.81,0.268,0.633,2.144,1.63,2.612,0.927,1.887,2.767,0.529,0.352,0.878,1.494,1.056,3.076,-1.051,5.242,0.385,0.99,0.173,1.266,2.269,1.859,1.036,2.884,2.618,0.356,1.669,0.989,0.068,0.402,-0.172,6.743,0.912,-0.086,1.298
2002,4.497,-0.3,1.275,0.988,3.937,3.329,1.397,1.084,-0.549,2.236,1.221,0.492,0.746,1.651,5.249,1.82,0.34,-0.637,0.448,2.829,3.043,0.651,2.03,1.877,0.103,1.773,1.313,1.963,-2.171,2.876,2.7,1.855,2.656,1.087,1.651,3.166,2.13,3.856,0.331,1.079,0.67,0.443,1.527,2.414,2.936,2.832,1.644,2.221,0.059,0.313,1.724,-0.193,0.319,1.882,0.242,1.459,1.756,1.881,0.591,4.144,4.381,-0.633,2.867,0.501,0.164,0.242,0.727,1.639,2.38,3.198,-0.897,0.168,2.447,0.367,0.459,0.381,0.496,2.298,1.988,2.204,-0.056,1.674,2.593,-0.285,0.893,1.69,1.357,1.25,2.946,1.685,2.014,0.149,0.676,0.233,1.902,0.004,2.712,1.691,0.889,0.578,1.59,0.918,1.535,-1.162,4.68,-0.291,2.369,1.601,1.014,-0.803,1.048,2.455,0.297,3.054,2.434,2.084,2.714,3.017,0.746,1.844,2.762,0.694,1.373,-0.134,-0.232,1.011,0.973,1.121,2.932,1.005,1.516,1.543,0.638,1.899,1.737,1.427,3.665,2.522,0.159,0.539,1.724,2.417,1.291,1.909,2.054,1.889,1.119,2.102,-0.046,0.548,0.129,4.119,-1.831,-0.46,2.352,0.578,1.275,1.841,2.803,2.437,3.057,4.357,0.913,-0.036,0.124,2.673,3.367,1.264,1.413,0.794,1.261,0.761,0.187,2.589,1.179,0.536,0.325,0.756,1.879,1.7,2.722,0.831,2.356,2.621,0.548,0.438,0.787,1.474,1.001,3.141,-0.95,5.193,0.423,0.928,0.017,1.224,2.463,1.825,0.976,2.89,2.581,0.255,1.548,0.783,0.068,0.401,-0.092,7.377,1.206,-0.037,1.277
2003,4.668,-0.374,1.276,0.705,4.374,3.379,1.285,1.072,-0.53,2.108,1.234,0.487,0.758,1.761,5.758,1.731,0.332,-0.7,0.419,2.648,3.04,0.654,1.9,1.847,0.074,1.73,1.257,1.862,-0.792,2.898,3.013,1.714,2.674,0.901,1.561,2.777,2.058,3.857,0.32,1.048,0.623,-0.197,1.478,2.383,3.068,2.875,1.528,2.114,0.028,0.263,1.684,-0.029,0.272,1.685,0.374,1.426,1.706,1.859,0.534,4.206,4.72,-0.628,2.851,0.431,0.101,0.238,0.709,1.487,2.426,3.2,-0.675,0.055,2.459,0.239,0.275,0.354,0.349,2.181,1.927,2.273,0.047,1.654,2.523,-0.286,0.693,1.651,1.349,1.238,2.818,1.629,1.806,0.445,0.614,0.214,2.168,0.336,2.71,1.739,0.866,0.518,1.146,1.048,1.507,-0.966,4.812,-0.567,1.715,1.604,0.843,-0.812,1.215,2.496,0.219,3.02,2.417,2.006,2.847,3.1,0.658,2.073,2.806,0.724,1.364,-0.117,-0.282,1.031,1.038,1.108,2.977,0.932,1.479,1.427,0.472,1.704,1.974,1.385,3.688,2.537,-0.787,0.587,2.174,2.342,0.862,1.883,2.025,1.81,0.996,2.052,-0.067,0.375,0.063,6.189,-0.721,-0.454,1.532,0.605,1.361,1.984,2.943,2.476,-1.132,4.63,-1.475,-0.066,0.06,2.625,3.252,1.224,1.808,0.844,1.278,0.711,0.21,2.599,1.177,0.367,0.372,0.742,1.917,1.769,2.799,0.748,2.611,2.538,0.572,0.496,0.747,1.439,0.987,3.18,-0.811,6.487,0.466,0.859,-0.072,1.164,2.562,1.782,0.937,2.893,2.565,0.233,1.42,0.712,0.068,0.399,-0.213,7.375,1.356,-0.004,1.261
2004,4.322,-0.418,1.318,0.317,4.11,3.453,1.298,1.055,-0.572,1.765,1.159,0.62,0.875,1.826,6.36,1.615,0.346,-0.682,0.433,2.597,3.005,0.653,1.732,1.816,0.054,1.78,1.201,1.723,-0.755,2.928,3.17,1.623,2.692,0.933,1.477,2.698,2.007,3.777,0.434,1.038,0.594,0.78,1.417,2.375,3.145,2.994,1.457,2.085,0.028,0.188,1.682,0.03,0.258,1.562,0.406,1.393,1.682,1.831,0.495,4.315,4.468,-0.598,2.826,0.339,0.219,0.29,0.736,1.293,2.532,3.163,-0.619,-0.022,2.485,0.247,0.257,0.329,0.235,2.126,1.953,2.326,0.08,1.638,2.455,-0.221,0.878,1.615,1.342,1.209,2.577,1.828,1.768,0.647,0.573,0.034,2.655,0.695,2.721,1.849,0.805,0.396,1.782,1.21,1.523,-1.091,4.042,-0.616,1.886,1.582,0.793,-1.123,1.421,2.456,0.176,2.987,2.483,1.972,2.797,3.174,0.672,1.873,2.833,0.627,1.381,-0.26,-0.247,1.065,1.113,1.11,2.953,0.859,1.512,1.34,0.347,1.521,1.486,1.367,3.709,2.56,-1.24,0.591,2.457,2.306,0.247,1.862,2.081,1.717,0.916,1.977,-0.059,0.239,0.02,9.978,-0.57,-0.403,1.431,0.627,1.325,2.191,2.966,2.516,-0.37,4.381,1.252,-0.02,0.064,2.547,3.157,1.218,1.725,0.845,1.247,0.801,0.183,2.526,1.17,0.341,0.393,0.687,2.342,1.83,2.827,0.688,2.583,2.54,0.624,0.509,0.771,1.385,1.018,3.185,-0.759,9.174,0.569,0.925,-0.065,1.154,2.562,1.726,0.921,2.882,2.577,0.314,1.142,0.804,0.068,0.177,-0.233,6.58,1.5,-0.036,1.254
2005,3.683,-0.512,1.39,-0.213,3.38,3.538,1.378,1.036,-0.65,1.292,1.32,0.681,1.022,1.85,6.903,1.485,0.376,-0.683,0.55,2.599,2.952,0.647,1.543,1.784,0.03,1.882,1.146,1.567,-0.753,2.959,3.217,1.571,2.71,0.944,1.395,2.804,1.963,3.65,0.63,1.042,0.588,0.437,1.35,2.382,3.184,3.149,1.418,2.114,0.129,0.1,1.693,0.138,0.275,1.498,0.274,1.359,1.673,1.806,0.469,4.444,3.853,-0.572,2.798,0.275,0.456,0.342,0.754,1.082,2.679,3.107,-0.635,-0.057,2.517,0.293,0.042,0.299,0.197,2.077,2.039,2.365,0.056,1.625,2.388,-0.199,1.583,1.58,1.336,1.169,2.286,2.179,1.763,0.491,0.548,0.009,3.268,0.889,2.739,1.992,0.72,0.212,3.118,1.128,1.568,-1.081,2.792,-0.492,2.596,1.537,0.792,-1.628,1.53,2.36,0.157,2.954,2.601,1.965,2.644,3.233,0.637,1.423,2.849,0.592,1.416,-0.46,-0.243,1.019,1.196,1.124,2.888,0.791,1.59,1.271,0.234,1.518,1.129,1.366,3.728,2.586,-1.218,0.681,2.652,2.296,-0.388,1.845,2.189,1.619,0.872,1.889,-0.044,0.186,-0.144,13.87,-0.618,-0.381,1.823,0.628,1.311,2.401,2.912,2.558,0.463,3.821,2.351,0.01,0.173,2.449,3.078,1.238,1.689,0.811,1.136,0.976,0.089,2.405,1.164,0.417,0.4,0.641,2.948,1.887,2.824,0.645,2.363,2.597,0.69,0.493,0.84,1.323,1.084,3.168,-0.733,12.02,0.687,0.922,0.009,1.163,2.496,1.663,0.923,2.862,2.611,0.471,0.883,0.974,0.068,0.148,-0.3,5.365,1.268,-0.012,1.247
2006,2.991,-0.631,1.471,-0.755,2.657,3.62,1.526,1.015,-0.773,0.799,1.475,0.495,1.099,1.886,7.502,1.347,0.417,-0.612,0.66,2.622,2.898,0.574,1.326,1.752,0.002,2.027,1.09,1.401,-0.76,2.989,3.246,1.528,2.727,1.01,1.317,2.937,1.954,3.508,0.87,1.056,0.558,0.642,1.289,2.391,3.219,3.322,1.388,2.158,0.024,-0.003,1.722,0.271,0.329,1.433,0.195,1.326,1.675,1.772,0.45,4.56,3.188,-0.59,2.768,0.13,0.759,0.384,0.697,0.857,2.808,3.043,-0.568,-0.113,2.554,0.3,-0.283,0.267,0.153,2.026,2.148,2.399,0.024,1.613,2.323,-0.156,2.347,1.546,1.33,1.129,1.934,2.696,1.768,0.301,0.525,0.063,3.843,1.058,2.758,2.167,0.628,0.525,4.457,1.075,1.628,-0.917,1.29,-0.31,3.394,1.511,0.738,-1.596,1.595,2.241,0.138,2.921,2.717,1.971,2.437,3.294,0.364,0.915,2.859,0.466,1.456,-0.72,-0.278,1.02,1.275,1.14,2.82,0.715,1.688,1.244,0.161,1.496,1.219,1.371,3.742,2.611,-1.176,0.805,2.73,2.293,-1.215,1.828,2.313,1.519,0.843,1.794,-0.063,0.18,-0.423,16.7,-0.592,-0.327,2.272,0.639,1.254,2.635,2.824,2.6,2.081,3.201,3.129,0.005,0.319,2.349,2.99,1.264,1.69,0.77,1.021,1.198,-0.014,2.275,1.161,0.534,0.562,0.628,3.731,1.944,2.816,0.604,2.119,2.659,0.796,0.466,0.93,1.249,1.16,3.153,-0.676,14.425,0.735,0.964,0.108,1.22,2.406,1.568,0.932,2.845,2.641,0.65,0.594,1.225,0.803,0.124,-0.393,4.214,1.203,-0.077,1.244
2007,2.494,-0.756,1.551,-1.263,2.061,3.681,1.576,0.999,-0.872,0.392,0.625,0.324,1.134,1.902,7.776,1.227,0.441,-0.459,0.734,2.606,2.854,0.564,1.13,1.72,-0.07,2.131,1.038,1.263,-0.735,3.012,3.289,1.489,2.742,0.971,1.249,3.012,1.922,3.393,1.069,1.069,0.522,0.86,1.234,2.397,3.261,3.438,1.353,2.196,-0.022,-0.09,1.726,0.584,0.443,1.363,0.112,1.295,1.673,1.752,0.434,4.632,2.649,-0.456,2.746,0.067,1,0.425,0.619,0.653,2.923,2.996,-0.522,-0.134,2.58,0.255,-0.386,0.233,0.125,1.976,2.239,2.436,0.019,1.598,2.256,-0.155,2.53,1.509,1.324,1.102,1.673,2.891,1.776,0.505,0.5,0.115,4.308,1.144,2.769,2.295,0.553,0.505,5.347,0.954,1.677,-0.816,0.159,-0.151,3.909,1.482,0.69,-1.188,1.544,2.144,0.11,2.888,2.798,1.959,2.319,3.337,0.349,0.503,2.87,0.456,1.486,-0.888,-0.232,0.975,1.357,1.159,2.775,0.648,1.77,1.205,0.218,1.474,0.932,1.374,3.757,2.632,-1.208,1.035,2.918,2.282,-1.995,1.811,2.402,1.431,0.819,1.711,-0.054,0.196,-0.586,17.512,-1.477,-0.171,2.516,0.645,1.252,2.818,2.763,2.643,0.511,2.714,4.166,0.029,0.559,2.27,2.895,1.292,1.851,0.739,0.917,1.361,-0.079,2.183,1.159,0.631,0.742,0.894,4.207,2.003,2.824,0.56,1.944,2.696,0.845,0.452,1.01,1.193,1.24,3.152,-0.597,15.177,0.779,0.951,0.191,1.423,2.344,1.469,0.943,2.835,2.67,0.823,0.311,1.372,0.803,0.138,-0.405,3.309,0.993,-0.03,1.236
2008,2.268,-0.767,1.636,-1.514,1.415,3.711,1.611,0.993,-0.856,0.134,2.004,0.313,2.1,1.848,7.324,1.146,0.446,-0.345,0.79,2.572,2.824,0.592,1.008,1.691,-0.227,2.12,0.994,1.18,-0.702,3.025,3.301,1.479,2.751,1.083,1.209,2.931,1.779,3.323,1.155,1.071,0.512,0.598,1.176,2.403,3.294,3.433,1.319,2.24,-0.012,-0.126,1.665,0.829,0.588,1.345,0.045,1.269,1.659,1.779,0.424,4.655,2.187,-0.268,2.741,-0.006,1.091,0.466,0.559,0.511,3.074,2.97,-0.304,-0.19,2.579,0.265,-0.402,0.26,0.119,1.927,2.292,2.476,0.045,1.58,2.184,-0.175,1.86,1.465,1.323,1.093,1.686,2.039,1.777,0.662,0.492,0.048,4.703,1.873,2.767,2.283,0.502,0.759,5.893,0.95,1.696,-1.051,-0.055,0.01,4.129,1.395,0.713,-1.028,1.788,2.104,0.092,2.856,2.853,1.911,2.439,3.329,0.651,0.214,2.885,0.362,1.495,-0.859,-0.19,0.969,1.457,1.19,2.745,0.619,1.821,1.071,0.389,1.452,0.849,1.375,3.779,2.65,-1.082,1.246,3.469,2.263,-2.382,1.794,2.433,1.372,0.806,1.66,0.014,0.144,-0.587,16.476,-1.666,-0.044,2.668,0.671,1.21,2.86,2.757,2.681,2.236,2.375,5.322,0.086,0.158,2.257,2.821,1.334,1.595,0.713,0.853,1.402,-0.106,2.141,1.156,0.697,0.779,1.271,3.877,2.064,2.841,0.526,1.82,2.717,0.784,0.457,1.059,1.195,1.338,3.156,-0.542,13.91,0.787,0.946,0.254,1.605,2.358,1.415,0.96,2.824,2.726,1.004,0.137,1.337,0.803,0.177,-0.426,2.653,0.935,0.055,1.241
2009,2.397,-0.674,1.722,-1.428,0.714,3.704,1.567,1,-0.674,0.089,2.061,0.262,2.076,1.708,6.127,1.117,0.414,-0.223,0.805,2.521,2.809,0.555,0.995,1.666,-0.489,1.957,0.962,1.175,-0.644,3.026,3.287,1.5,2.752,1.142,1.203,2.723,1.492,3.312,1.11,1.059,0.497,0.215,1.112,2.409,3.317,3.284,1.283,2.287,-0.105,-0.091,1.516,0.57,0.535,1.394,0.027,1.247,1.629,1.864,0.422,4.625,1.848,-0.193,2.757,-0.017,0.975,0.478,0.514,0.45,3.264,2.974,-0.888,-0.253,2.544,0.263,-0.009,0.312,0.123,1.881,2.291,2.524,0.121,1.558,2.106,-0.155,0.341,1.411,1.329,1.109,2.048,1.016,2.39,0.456,0.501,-0.012,5.009,1.982,2.751,2.171,0.485,0.515,6.028,1.207,1.673,-1.651,1.008,0.151,3.974,1.234,0.714,-1.11,1.852,2.145,0.083,2.823,2.874,1.816,2.854,3.261,0.754,0.158,2.905,0.266,1.477,-0.56,-0.126,1.036,1.579,1.236,2.737,0.64,1.826,0.81,0.514,1.31,1,1.369,3.81,2.663,-0.785,1.261,4.452,2.233,-2.26,1.776,2.388,1.35,0.803,1.65,0.068,0.095,-0.545,14.144,-0.833,0.03,2.675,0.698,1.277,2.741,2.825,2.715,0.393,2.243,3.016,0.133,0.904,2.32,2.773,1.392,0.886,0.696,0.87,1.293,-0.1,2.163,1.152,0.713,0.852,1.249,2.588,2.125,2.873,0.504,1.771,2.715,0.495,0.491,1.063,1.274,1.452,3.168,-0.444,11.045,0.756,0.877,0.283,1.687,2.437,1.42,0.979,2.812,2.813,1.184,-0.024,1.029,0.803,0.215,-0.401,2.322,0.946,0.006,1.222
2010,2.747,-0.496,1.805,-1.048,-0.008,3.671,1.473,0.752,-0.374,0.21,1.555,0.24,1.19,1.515,4.6,1.125,0.364,-0.17,0.914,2.452,2.806,-0.783,1.052,1.644,-0.819,1.706,0.938,1.225,-0.658,3.019,3.256,1.539,2.748,1.112,1.221,2.413,1.127,3.335,0.963,1.039,0.483,0.734,1.051,2.413,3.331,3.049,1.245,2.335,-0.227,-0.008,1.314,0.291,0.444,1.484,0.041,1.229,1.589,1.985,0.425,4.559,1.606,-0.228,2.784,-0.023,0.721,0.457,0.494,0.449,3.459,2.996,-0.729,-0.153,2.487,0.129,1.028,0.415,0.13,1.837,2.259,2.573,0.229,1.532,2.024,-0.226,-0.144,1.35,1.338,1.142,2.619,0.545,1.827,0.308,0.522,0.018,5.205,1.413,2.723,1.964,0.492,0.498,5.88,1.193,1.622,-2.081,2.868,0.273,3.59,1.033,0.761,-2.097,1.825,2.219,0.082,2.793,2.871,1.691,3.432,3.159,0.491,0.188,2.927,0.238,1.438,-0.053,-0.1,1.09,1.71,1.289,2.744,0.695,1.802,0.481,0.513,1.533,1.112,1.357,3.844,2.671,-0.412,1.246,5.586,2.197,-1.854,1.758,2.293,1.354,0.813,1.666,-0.286,0.046,-0.506,11.483,-0.594,0.045,2.589,0.751,1.276,2.524,2.928,2.743,2.792,2.253,1.772,0.093,0.436,2.431,2.746,1.455,0.46,0.685,0.844,1.079,-0.03,2.228,1.143,0.695,0.853,1.042,0.736,2.184,2.912,0.49,1.774,2.696,0.081,0.545,1.035,1.4,1.57,3.187,-0.397,7.687,0.784,0.83,0.286,2.823,2.561,1.448,1,2.796,2.915,1.354,0.069,0.564,0.803,0.183,-0.402,2.245,1.032,-0.043,1.203
2011,3.143,-0.269,1.883,-0.588,-0.839,3.634,1.376,1.153,-0.027,0.378,1.39,0.337,1.303,1.301,2.961,1.144,0.303,-0.184,1.301,2.381,2.804,-0.864,1.131,1.622,-1.203,1.414,0.916,1.292,-0.641,3.009,3.208,1.589,2.74,0.979,1.253,2.104,0.724,3.364,0.793,0.998,0.479,0.673,0.968,2.418,3.338,2.794,1.21,2.386,-0.345,0.097,1.092,0.207,0.412,1.591,0.049,1.211,1.539,2.114,0.431,4.478,1.364,-0.304,2.813,0.025,0.422,0.464,0.484,0.469,3.656,3.018,-0.802,-1.854,2.424,-0.148,-0.026,0.525,0.157,1.819,2.215,2.618,0.346,1.506,1.943,-0.283,0.305,1.289,1.348,1.176,3.253,0.436,1.848,0.172,0.549,-0.185,5.379,1.432,2.694,1.738,0.506,0.769,5.721,1.217,1.562,-1.821,4.904,0.411,3.189,0.8,0.838,-2.258,2.223,2.317,0.084,2.762,2.865,1.558,3.957,3.045,0.424,0.289,2.945,0.16,1.395,0.516,-0.058,1.161,1.838,1.347,2.749,0.767,1.769,0.104,0.466,1.825,0.762,1.347,3.876,2.678,0.078,1.297,6.666,2.159,-1.154,1.736,2.188,1.366,0.812,1.692,0.054,-0.147,-1.157,9.232,-0.492,0.078,2.499,0.817,1.381,2.274,3.039,2.767,-2.629,2.275,2.085,0.129,0.208,2.555,2.723,1.525,0.355,0.673,0.876,0.827,0.051,2.303,1.137,0.673,0.755,1.112,-1.323,2.235,2.948,0.48,1.78,2.678,-0.408,0.603,0.998,1.532,1.693,3.182,-0.36,4.536,0.782,0.727,0.287,2.684,2.691,1.563,1.022,2.78,3.02,1.536,0.068,0.039,0.859,0.105,-0.789,2.16,0.993,-0.062,1.17
2012,3.408,-0.165,1.951,-0.154,-1.59,3.598,1.288,1.137,0.267,0.503,1.746,0.456,1.329,1.106,1.69,1.154,0.251,-0.092,0.62,2.324,2.798,0.362,1.188,1.6,-1.547,1.191,0.894,1.34,-0.579,2.997,3.16,1.63,2.731,1.086,1.271,1.859,0.401,3.371,0.657,0.963,0.487,1.104,0.9,2.417,3.338,2.591,1.178,2.436,-0.306,0.182,0.904,0.14,0.376,1.68,0.059,1.192,1.499,2.215,0.439,4.394,-,-0.358,2.83,0.059,0.187,0.476,0.484,0.482,3.789,3.031,-0.737,0.188,2.369,-0.541,-0.141,0.622,0.188,1.778,2.198,2.651,0.446,1.48,1.869,-0.516,0.532,1.231,1.352,1.205,3.721,0.424,1.846,0.27,0.571,-0.16,5.424,1.409,2.663,1.539,0.514,0.526,5.55,1.665,1.516,-1.24,6.252,0.557,2.9,0.611,0.867,-1.341,2.402,2.369,0.086,2.734,2.859,1.446,4.305,2.953,0.899,0.332,2.955,0.277,1.355,1.018,-0.013,1.198,1.943,1.394,2.753,0.826,1.75,-0.193,0.37,1.812,0.548,1.338,3.899,2.681,0.541,1.313,7.321,2.126,-0.639,1.716,2.103,1.372,0.825,1.704,0,-0.405,-1.21,7.575,-0.445,0.168,2.46,0.86,1.405,2.077,3.091,2.786,0.981,2.25,2.453,0.17,0.21,2.65,2.704,1.581,0.065,0.13,0.884,0.634,0.111,2.36,1.128,0.675,0.74,1.062,-3.097,2.278,2.976,0.469,1.767,2.661,-0.797,0.644,0.974,1.631,1.797,3.181,-0.247,2.154,0.695,0.734,0.298,1.472,2.783,1.624,1.042,2.757,3.103,1.698,0.134,-0.419,0.895,0.084,-0.485,2.064,1.104,-0.094,1.184
2013,3.495,-0.183,2.003,0.086,-2.031,3.552,1.213,1.119,0.462,0.583,1.721,0.589,1.293,0.98,1.154,1.156,0.21,0.016,0.471,2.254,2.791,0.313,1.226,1.575,-1.745,1.121,0.874,1.349,-0.56,2.982,3.134,1.65,2.718,1.057,1.278,1.632,0.26,3.351,0.608,0.979,0.494,0.402,0.907,2.409,3.331,2.465,1.148,2.477,-0.279,0.227,0.774,0.033,0.417,1.731,0.092,1.174,1.497,2.268,0.45,4.292,-,-0.356,2.827,0.121,0.062,0.461,0.515,0.496,3.779,3.034,-0.301,0.273,2.324,-0.725,-0.577,0.668,0.265,1.757,2.235,2.661,0.514,1.45,1.81,-0.275,0.946,1.183,1.341,1.239,3.896,0.527,1.866,1.159,0.582,-0.144,5.167,1.439,2.619,1.426,0.518,0.455,5.165,1.985,1.491,-1.071,6.559,0.67,2.688,0.549,0.884,-1.012,2.311,2.336,0.086,2.713,2.839,1.369,4.519,2.901,1.404,0.389,2.949,0.22,1.316,1.346,-0.027,1.2,2.001,1.415,2.769,0.85,1.749,-0.268,0.295,1.779,0.768,1.327,3.907,2.677,0.88,1.209,7.35,2.103,-0.182,1.704,2.041,1.373,0.901,1.692,-0.06,-0.549,-1.146,6.201,-0.371,0.213,2.452,0.855,1.395,1.936,3.031,2.799,1.847,2.23,1.619,0.107,0.136,2.708,2.702,1.604,-0.328,0.78,0.892,0.481,0.174,2.399,1.111,0.698,0.847,1.15,-4.301,2.321,2.994,0.454,1.775,2.636,-0.947,0.659,0.972,1.693,1.852,3.234,-0.228,0.614,0.67,0.693,0.309,1.562,2.818,1.421,1.053,2.717,3.14,1.778,0.122,-0.652,0.607,0.098,-0.487,1.936,0.973,-0.136,1.184
2014,3.356,-0.207,2.034,0.133,-1.947,3.497,1.143,1.099,0.51,0.591,1.492,0.782,1.248,0.939,1.588,1.143,0.187,0.09,0.444,2.191,2.782,0.211,1.234,1.545,-1.722,1.256,0.856,1.318,-0.568,2.962,3.137,1.638,2.702,1.005,1.269,1.515,0.364,3.297,0.653,1.061,0.506,0.702,1.01,2.383,3.32,2.441,1.117,2.505,-0.407,0.214,0.734,0.105,0.507,1.73,0.101,1.157,1.544,2.259,0.463,4.172,-,-0.262,2.8,0.134,0.098,0.414,0.474,0.51,3.607,3.026,0.047,0.417,2.292,-0.666,-0.333,0.671,0.368,1.729,2.342,2.645,0.537,1.416,1.769,-0.269,1.113,1.146,1.311,1.278,3.715,0.731,1.92,0.918,0.573,-0.133,4.587,1.473,2.559,1.381,0.513,0.628,4.561,2.006,1.494,-0.942,5.719,0.733,2.583,0.657,0.752,-0.86,2.357,2.2,0.083,2.701,2.803,1.34,4.568,2.902,1.997,0.438,2.927,0.181,1.278,1.427,-0.061,1.134,2.004,1.404,2.799,0.823,1.772,-0.04,0.36,1.655,1.661,1.315,3.9,2.665,0.936,1.128,6.739,2.092,0.125,1.703,2.013,1.362,1.057,1.647,-0.075,-0.539,-1.633,5.115,-0.375,0.218,2.486,0.788,1.182,1.883,2.836,2.807,1.555,2.207,1.298,0.097,0.098,2.719,2.717,1.584,-0.299,0.933,0.886,0.451,0.224,2.412,1.087,0.75,0.992,1.22,-4.533,2.367,3.002,0.431,1.808,2.601,-0.735,0.635,1.002,1.703,1.845,3.353,-0.479,0.177,0.736,0.733,0.324,1.687,2.786,0.876,1.054,2.654,3.121,1.755,0.095,-0.594,-0.294,0.097,-0.469,1.82,1.136,-0.147,1.18
2015,3.077,-0.291,2.045,0.027,-1.552,3.439,1.084,1.078,0.451,0.541,1.439,1.121,1.191,0.96,2.643,1.119,0.176,0.159,0.579,2.117,2.772,0.152,1.221,1.513,-1.526,1.525,0.839,1.246,-0.638,2.939,3.157,1.604,2.682,0.746,1.24,1.425,0.648,3.222,0.777,1.178,0.508,0.851,1.17,2.348,3.303,2.484,1.087,2.522,-0.824,0.158,0.751,0.197,0.706,1.687,0.118,1.139,1.618,2.207,0.475,4.043,-,0.066,2.756,0.187,0.252,0.329,0.356,0.516,3.335,3.009,0.157,0.866,2.269,-0.659,-0.322,0.643,0.523,1.691,2.49,2.611,0.531,1.38,1.741,-0.238,1.042,1.117,1.268,1.316,3.316,0.945,1.981,-0.096,0.551,-0.106,3.825,1.461,2.492,1.398,0.502,0.527,3.844,2.059,1.516,-0.819,4.247,0.759,2.553,0.881,0.659,-0.941,2.36,1.993,0.075,2.694,2.759,1.345,4.472,2.936,2.386,0.455,2.894,0.132,1.241,1.333,-0.788,1.074,1.964,1.369,2.835,0.762,1.808,0.404,0.443,0.242,2.036,1.302,3.881,2.647,0.861,0.995,5.791,2.089,0.227,1.707,2.006,1.343,1.256,1.579,-0.067,-0.414,-1.759,4.24,-0.47,0.193,2.543,0.669,0.994,1.879,2.558,2.808,2.23,2.181,1.186,0.095,0.075,2.698,2.745,1.532,-0.078,0.92,0.839,0.461,0.245,2.407,1.053,0.82,1.057,1.138,-3.887,2.409,3.001,0.402,1.853,2.561,-0.241,0.585,1.05,1.669,1.794,3.498,-0.261,0.527,0.792,0.736,0.34,1.744,2.707,0.129,1.045,2.578,3.067,1.664,0.047,-0.307,-1.365,0.056,-0.495,1.704,1.142,-0.158,1.169
2016,2.778,-0.16,2.051,-0.12,-0.899,3.378,1.009,1.057,0.361,0.503,1.562,1.081,1.118,0.99,3.857,1.095,0.165,0.126,0.506,2.049,2.761,-1.052,1.205,1.48,-1.265,1.832,0.824,1.169,-0.701,2.915,3.177,1.565,2.661,1.132,1.212,1.357,0.986,3.144,0.924,1.325,0.541,0.619,1.368,2.309,3.283,2.54,1.057,2.536,-0.698,0.091,0.789,0.192,0.78,1.641,0.185,1.123,1.707,2.145,0.489,3.911,-,0.029,2.708,0.245,0.434,0.287,0.264,0.532,3.044,2.988,0.06,0.807,2.247,-0.416,0.128,0.6,0.676,1.658,2.644,2.57,0.511,1.341,1.718,-0.295,1.388,1.09,1.221,1.356,2.877,1.129,1.96,-0.17,0.525,-0.115,3.058,1.422,2.421,1.434,0.491,0.397,3.113,2.037,1.541,-0.914,2.742,0.776,2.529,1.144,0.506,-1.271,2.155,1.767,0.068,2.688,2.71,1.357,4.427,2.975,2.289,0.485,2.856,0.069,1.203,1.213,-1.148,0.916,1.913,1.326,2.872,0.689,1.847,0.915,0.532,0.242,2.246,1.289,3.86,2.628,0.729,0.881,4.846,2.086,0.3,1.713,2.002,1.324,1.483,1.507,-0.043,-0.315,-1.935,3.398,-0.574,0.17,2.602,0.531,0.698,1.879,2.262,2.807,1.338,2.165,1.297,0.129,0.073,2.667,2.776,1.472,0.084,1.105,0.827,0.5,0.304,2.399,1.023,0.898,1.256,1.092,-3,2.449,2.998,0.373,1.904,2.519,0.36,0.526,1.103,1.64,1.729,3.657,-0.331,1.053,0.758,0.725,0.355,1.739,2.62,-0.769,1.034,2.498,3.003,1.549,-0.012,0.077,-0.597,0.023,-0.524,1.596,1.191,-0.182,1.164
2017,2.548,-0.092,2.045,-0.219,-0.386,3.322,0.953,1.037,0.294,0.472,1.685,0.695,0.981,1.007,4.678,1.076,0.151,-0.034,0.385,1.982,2.75,-1.061,1.195,1.449,-1.031,2.069,0.807,1.111,-0.73,2.891,3.181,1.53,2.638,1.2,1.19,1.299,1.277,3.078,1.039,1.425,0.559,0.748,1.514,2.273,3.259,2.571,1.028,2.548,-1.201,0.037,0.808,0.266,0.643,1.6,0.214,1.103,1.769,2.091,0.502,3.781,-,0.121,2.663,0.317,0.578,0.235,0.29,0.556,2.796,2.969,0.013,0.374,2.221,-0.198,-0.025,0.553,0.815,1.628,2.765,2.532,0.499,1.305,1.692,-0.266,2.346,1.063,1.176,1.385,2.541,1.089,1.939,-0.15,0.501,-0.164,2.395,1.36,2.356,1.433,0.482,0.281,2.477,1.934,1.554,-0.886,1.553,0.792,2.486,1.355,0.398,-1.398,2.431,1.579,0.06,2.68,2.666,1.359,4.3,2.999,2.739,0.57,2.819,0.09,1.164,1.124,-1.692,0.842,1.862,1.287,2.901,0.634,1.873,1.345,0.591,0.241,2.089,1.275,3.839,2.608,0.649,0.808,4.084,2.078,0.512,1.712,1.99,1.307,1.662,1.445,0.012,-0.244,-2.418,2.616,-0.578,0.107,2.64,0.42,0.5,1.884,2.007,2.801,1.224,2.154,0.089,0.155,0.065,2.643,2.805,1.417,0.235,1.13,0.785,0.514,0.327,2.395,0.99,0.966,1.347,0.933,-2.141,2.47,2.992,0.345,1.947,2.479,0.846,0.471,1.139,1.601,1.669,3.756,-0.386,1.339,0.679,0.633,0.365,1.684,2.545,-1.515,1.02,2.424,2.951,1.459,-0.044,0.376,0.754,0.011,-0.532,1.515,1.177,-0.219,1.144
2018,2.384,-0.247,2.007,-0.281,0.014,3.276,0.894,1.016,0.236,0.459,1.536,0.487,0.866,1.013,4.921,1.054,0.143,-0.156,0.455,1.923,2.735,0.072,1.178,1.422,-0.827,2.197,0.784,1.05,-0.722,2.867,3.167,1.49,2.612,1.413,1.159,1.239,1.519,3.024,1.079,1.391,0.456,0.799,1.524,2.239,3.227,2.582,0.995,2.552,-0.893,-0.01,0.809,0.334,0.496,1.558,0.232,1.079,1.766,2.033,0.509,3.653,-,0.348,2.62,0.353,0.685,0.133,0.274,0.565,2.603,2.946,-0.039,0.301,2.193,-0.203,-0.266,0.517,0.902,1.6,2.833,2.494,0.488,1.274,1.667,-0.127,2.678,1.038,1.135,1.386,2.318,1.239,1.927,-0.19,0.478,-0.203,1.817,1.315,2.306,1.469,0.47,0.475,1.982,1.99,1.548,-0.779,0.585,0.8,2.453,1.476,0.298,-0.954,1.929,1.444,0.046,2.67,2.642,1.352,3.815,3.008,3.492,0.617,2.78,0.055,1.126,1.052,-1.719,0.753,1.796,1.251,2.914,0.608,1.883,1.662,0.584,0.24,1.791,1.255,3.817,2.587,0.592,0.66,3.445,2.058,0.571,1.693,1.975,1.288,1.718,1.396,0,-0.16,-4.048,2.069,-0.587,-0.013,2.644,0.393,0.335,1.888,1.801,2.782,0.954,2.137,0.47,0.139,0.363,2.611,2.832,1.364,0.438,1.048,0.77,0.515,0.349,2.392,0.957,1.014,1.162,0.737,-0.885,2.454,2.979,0.315,1.968,2.446,1.167,0.417,1.146,1.497,1.606,3.725,-0.466,1.504,0.606,0.526,0.367,1.737,2.482,-1.768,0.994,2.357,2.913,1.41,-0.024,0.552,0.339,-0.023,-0.546,1.474,1.224,-0.261,1.106
2019,2.313,-0.426,1.934,-0.269,0.179,3.243,0.861,0.993,0.203,0.437,1.522,0.445,0.847,0.994,4.469,1.029,0.133,-0.695,0.54,1.883,2.715,-0.009,1.146,1.399,-0.692,2.178,0.752,1.006,-0.704,2.845,3.129,1.446,2.584,1.415,1.129,1.202,1.675,2.986,1.032,1.183,0.357,0.754,1.357,2.206,3.187,2.563,0.958,2.549,-0.554,-0.041,0.78,0.394,0.358,1.515,0.254,1.047,1.679,1.976,0.51,3.529,-,0.372,2.58,0.37,0.729,0.11,0.219,0.579,2.484,2.922,-0.172,0.226,2.163,-0.105,0.36,0.495,0.916,1.56,2.835,2.457,0.483,1.25,1.641,-0.045,2.199,1.013,1.098,1.352,2.254,1.368,1.909,-1.153,0.456,-0.209,1.359,1.29,2.273,1.513,0.455,0.198,1.672,2.088,1.517,-0.695,-0.054,0.8,2.427,1.47,0.269,-0.265,1.963,1.386,0.024,2.656,2.641,1.329,2.915,2.996,3.931,0.647,2.741,0.032,1.091,1.034,-1.674,0.734,1.719,1.221,2.907,0.626,1.87,1.809,0.655,0.24,1.593,1.23,3.794,2.565,0.568,0.675,2.969,2.023,0.501,1.652,1.954,1.265,1.616,1.365,-0.024,0.024,0.011,1.795,-0.527,-0.05,2.607,0.491,0.237,1.885,1.665,2.75,0.888,2.109,1.144,0.135,0.696,2.565,2.855,1.316,0.715,0.612,0.752,0.496,0.347,2.391,0.929,1.038,1.014,0.713,0.735,2.39,2.96,0.284,1.964,2.42,1.25,0.368,1.114,1.315,1.547,3.542,-0.531,1.439,0.564,0.455,0.36,1.876,2.433,-1.294,0.954,2.301,2.893,1.421,-0.027,0.612,-0.458,-0.032,-0.537,1.389,1.295,-0.311,1.065
2020,2.304,-0.578,1.837,-0.208,0.154,3.219,0.834,0.97,0.186,0.428,1.259,0.419,0.853,0.961,3.615,1.003,0.122,-0.202,0.582,1.845,2.692,-0.016,1.11,1.38,-0.613,2.059,0.713,0.962,-0.697,2.823,3.076,1.4,2.554,1.09,1.094,1.182,1.767,2.959,0.922,0.863,0.314,-0.342,1.074,2.174,3.143,2.525,0.918,2.541,-0.445,-0.061,0.73,0.253,0.292,1.473,0.255,1.009,1.539,1.92,0.505,3.408,-,0.313,2.541,0.385,0.726,0.165,0.212,0.578,2.417,2.895,-0.166,0.177,2.131,-0.056,0.252,0.461,0.886,1.52,2.792,2.421,0.482,1.231,1.613,-0.219,1.613,0.989,1.065,1.293,2.295,1.216,1.783,-0.294,0.436,-0.34,0.999,1.292,2.252,1.551,0.438,0.138,1.498,2.076,1.469,-0.643,-0.442,0.796,2.407,1.375,0.307,0.02,1.96,1.379,-0.004,2.641,2.655,1.294,1.789,2.971,4.124,0.683,2.702,0.002,1.058,1.058,-1.721,0.708,1.634,1.196,2.887,0.672,1.843,1.829,0.553,0.243,2.087,1.2,3.771,2.543,0.599,0.589,2.611,1.978,0.504,1.596,1.929,1.24,1.409,1.345,-0.039,0.187,0.011,1.715,-0.442,-0.209,2.543,0.666,0.218,1.895,1.579,2.709,0.854,2.075,-0.312,0.086,0.561,2.515,2.874,1.273,0.462,0.531,0.675,0.455,0.32,2.391,0.903,1.042,0.723,0.716,2.491,2.297,2.937,0.25,1.939,2.401,1.142,0.324,1.054,1.084,1.488,3.27,-0.568,1.219,0.565,0.351,0.346,1.922,2.395,-0.281,0.905,2.252,2.886,1.474,-0.045,0.522,-0.758,-0.05,-0.534,1.363,1.169,-0.356,1.036
